context,mean,std,n,cv
bar ,0.3685524664820413,0.035527343313667054,120,0.09639697612876569
concert ,0.35820995894098157,0.04513530967147025,120,0.12600238643534395
movie,0.3448540811805973,0.03819535869080189,120,0.11075803006315384
video game,0.34448027740832726,0.03696321866161299,120,0.10730140761527228
