comparison,mean1,mean2,diff,t,p,sig,d,n1,n2
"Same Context & Same Clip vs Same Context, Diff Clip",0.44237542029448984,0.4251828164998523,0.01719260379463755,20.57733750790115,4.811347183480867e-94,***,0.12228855223613425,29375,450875
"Same Music, Diff Context vs Diff Music, Same Context",0.4363483429524618,0.4251828164998523,0.011165526452609487,22.05721191030244,9.089414237018652e-108,***,0.07982392365778715,90474,450875
"Different everything, Same Genre vs Different everything, Different Genre",0.42675018103720136,0.41996167731346923,0.006788503723732131,22.988632754997337,6.378607135974602e-117,***,0.04926197396029042,270501,1082516
"Same Clip & Same Context vs Same Clip, Diff Context",0.44237542029448984,0.4363483429524618,0.006027077342028064,6.338606079931612,2.326736402706054e-10,***,0.0424578461303864,29375,90474
