comparison,group1,group2,mean1,std1,n1,mean2,std2,n2,difference,t,p,sig,d
Within vs Between Genre,Within-Genre,Between-Genre,0.9351665752629439,0.02143902239148126,480,0.9168831492230917,0.025145856277037318,1536,0.018283426039852224,15.612062854868672,5.9872933800636416e-49,***,0.7819868932257902
80s vs Between,Within-80s,Between-Genre,0.9365363121032715,0.015282874981757998,120,0.9168831492230917,0.025145856277037318,1536,0.01965316288017982,12.753534737383749,1.0351527943168356e-26,***,0.9432434492577668
Ele vs Between,Within-Ele,Between-Genre,0.9214620371659596,0.02447002014461968,120,0.9168831492230917,0.025145856277037318,1536,0.004578887942867982,1.9625126405167934,0.05169690707093094,n.s.,0.18414968641295484
Jaz vs Between,Within-Jaz,Between-Genre,0.9402950465679168,0.0213170449502815,120,0.9168831492230917,0.025145856277037318,1536,0.023411897344825183,11.38250563193721,6.984217239760018e-22,***,1.0024136834222532
Met vs Between,Within-Met,Between-Genre,0.9423729052146276,0.016847528383990704,120,0.9168831492230917,0.025145856277037318,1536,0.025489755991535912,15.240843567498025,3.435896296766515e-33,***,1.189144501467704
