context,mean,std,n,cv
bar ,0.93943393,0.01764950156211853,120,0.018787378
concert ,0.935582,0.018789933994412422,120,0.020083684
video game,0.92912596,0.021175790578126907,120,0.022791088
movie,0.9289911,0.02470567263662815,120,0.026594091
