genre,mean,std,cv,n
80s,0.9396706,0.013761942274868488,0.014645496,96
Met,0.9455747,0.018901538103818893,0.019989472,96
Jaz,0.94318193,0.01887703314423561,0.020014202,96
Ele,0.92355186,0.020763413980603218,0.02248213,96
