genre,mean,std,n,cv
Met,0.9455747,0.018901538103818893,96,0.019989472
Jaz,0.94318193,0.01887703314423561,96,0.020014202
80s,0.9396706,0.013761942274868488,96,0.014645496
Ele,0.92355186,0.020763413980603218,96,0.02248213
