context,clip_mean,clip_sd,clip_cv,context_mean,context_sd,context_cv,cv_difference,levene_stat,levene_p,sig,n_clip,n_context
bar ,0.9515435906747977,0.013453251507261612,0.014138344936695007,0.9337662254770597,0.017292415575727593,0.018518998764270923,-0.004380653827575916,5.0491852486757205,0.02595527152262062,*,48,120
concert ,0.9492504472533861,0.013995360370185577,0.01474359102034719,0.9303487901886304,0.019069719156297384,0.020497386955736198,-0.005753795935389008,5.399250226168362,0.021357710945458575,*,48,120
movie,0.9520504673322042,0.014849594461966596,0.015597486658010373,0.920124011238416,0.028273415799689686,0.030727831742632,-0.015130345084621629,11.944229288246241,0.0006961154817723649,***,48,120
video game,0.9483131108184656,0.01356987549958556,0.014309488442982441,0.9180281395713489,0.02362957521218297,0.025739489013066885,-0.011430000570084444,19.31274523738849,1.9731434597986106e-05,***,48,120
