genre1,genre2,mean1,mean2,difference,t,p,d,sig
Ele,Met,0.9143416130294403,0.9420081271479527,-0.027666514118512398,-9.79759931854906,1.9296794254496325e-18,-1.414161650994099,***
80s,Ele,0.9337138912330071,0.9143416130294403,0.019372278203566795,7.251512182712469,1.475827990489487e-11,1.0466656276802238,***
Ele,Jaz,0.9143416130294403,0.935479840884606,-0.021138227855165725,-6.90655881694418,7.29740639581139e-11,-0.9968758980341765,***
80s,Met,0.9337138912330071,0.9420081271479527,-0.008294235914945602,-3.6040402121552226,0.00040248989912922416,-0.5201983966645135,***
Jaz,Met,0.935479840884606,0.9420081271479527,-0.006528286263346672,-2.3795478842290265,0.018358433529308396,-0.3434581528773083,*
80s,Jaz,0.9337138912330071,0.935479840884606,-0.0017659496515989304,-0.6827699181797643,0.4956762222911112,-0.09854934901391643,n.s.
