context,mean,std,n,cv
bar ,0.9337662254770597,0.017292415575727593,120,0.018518998764270923
concert ,0.9303487901886304,0.019069719156297384,120,0.020497386955736198
movie,0.920124011238416,0.028273415799689686,120,0.030727831742632
video game,0.9180281395713489,0.02362957521218297,120,0.025739489013066885
