context,clip_mean,clip_sd,context_mean,context_sd,difference,effect_size,t,p,sig,n_clip,n_context
bar ,0.9515435906747977,0.013453251507261612,0.9337662254770597,0.017292415575727593,0.017777365197737982,1.147502936795996,7.103833602912736,1.2471892541999856e-10,***,48,120
concert ,0.9492504472533861,0.013995360370185577,0.9303487901886304,0.019069719156297384,0.018901657064755772,1.1300701428717264,7.088137451045922,1.0979158848678146e-10,***,48,120
movie,0.9520504673322042,0.014849594461966596,0.920124011238416,0.028273415799689686,0.03192645609378819,1.413798971596411,9.516296543606751,3.5426754402335635e-17,***,48,120
video game,0.9483131108184656,0.01356987549958556,0.9180281395713489,0.02362957521218297,0.03028497124711671,1.571789626887416,10.394231143318843,2.8375010139953204e-19,***,48,120
