context,music_mean,music_sd,music_cv,context_mean,context_sd,context_cv,cv_difference,levene_stat,levene_p,sig,n_music,n_context
bar ,0.9564832,0.013529611751437187,0.014145164,0.93943393,0.01764950156211853,0.018787378,-0.0046422146,8.39038831576843,0.004280753213211958,**,48,120
concert ,0.9526229,0.01511723268777132,0.015869062,0.935582,0.018789933994412422,0.020083684,-0.004214622,3.5004705604546875,0.0631113459490052,n.s.,48,120
movie,0.95645505,0.015108962543308735,0.015796835,0.9289911,0.02470567263662815,0.026594091,-0.010797257,8.24589017511335,0.004617372164521896,**,48,120
video game,0.95397574,0.014623519964516163,0.015329028,0.92912596,0.021175790578126907,0.022791088,-0.00746206,11.735415897407897,0.000772879156558725,***,48,120
