genre1,genre2,mean1,mean2,difference,t,p,d,sig
Ele,Met,0.92355186,0.9455747,-0.022022843,-7.6849163452954325,7.953531255545063e-13,-1.109222120831788,***
Ele,Jaz,0.92355186,0.94318193,-0.019630075,-6.853979857569939,9.754016466396932e-11,-0.9892868003438839,***
80s,Ele,0.9396706,0.92355186,0.016118765,6.34005223414029,1.6334151873893628e-09,0.9151077226031722,***
80s,Met,0.9396706,0.9455747,-0.0059040785,-2.474169308314242,0.01423166670466688,-0.35711557359626395,*
80s,Jaz,0.9396706,0.94318193,-0.0035113096,-1.4727005528162702,0.14248640549966568,-0.21256602112037626,n.s.
Jaz,Met,0.94318193,0.9455747,-0.0023927689,-0.8776184387580276,0.3812591997646706,-0.1266733112156146,n.s.
