context,mean,std,cv,n
bar ,0.9337662254770597,0.017292415575727593,0.018518998764270923,120
concert ,0.9303487901886304,0.019069719156297384,0.020497386955736198,120
video game,0.9180281395713489,0.02362957521218297,0.025739489013066885,120
movie,0.920124011238416,0.028273415799689686,0.030727831742632,120
