context,mean,std,cv,n
bar ,0.93943393,0.01764950156211853,0.018787378,120
concert ,0.935582,0.018789933994412422,0.020083684,120
video game,0.92912596,0.021175790578126907,0.022791088,120
movie,0.9289911,0.02470567263662815,0.026594091,120
