comparison,group1,group2,mean1,std1,n1,mean2,std2,n2,difference,t,p,sig,d
Within vs Between Context,Within-Context,Between-Context,0.9255667916188638,0.023345990968953997,480,0.9198830816118667,0.026029315136347198,1536,0.005683710006997078,4.5227972518535156,6.937242879485613e-06,***,0.22973724173025378
bar  vs Between,Within-bar ,Between-Context,0.9337662254770597,0.01722021310766224,120,0.9198830816118667,0.026029315136347198,1536,0.01388314386519296,8.106081255780735,1.1334790608180045e-13,***,0.6281405264662956
concert  vs Between,Within-concert ,Between-Context,0.9303487901886304,0.018990095764043816,120,0.9198830816118667,0.026029315136347198,1536,0.010465708576763655,5.616800907992882,8.713462108094598e-08,***,0.45859446561343703
movie vs Between,Within-movie,Between-Context,0.920124011238416,0.02815536344358965,120,0.9198830816118667,0.026029315136347198,1536,0.00024092962654931327,0.09040059549792126,0.9281026291900447,n.s.,0.00886468104860915
video game vs Between,Within-video game,Between-Context,0.9180281395713489,0.023530912671823348,120,0.9198830816118667,0.026029315136347198,1536,-0.0018549420405178374,-0.8218368506128771,0.4125422328680536,n.s.,-0.07460695028009523
