genre,mean,std,cv,n
80s,0.9337138912330071,0.014630235964191152,0.01566886398666655,96
Met,0.9420081271479527,0.017158149380805485,0.018214438799752108,96
Jaz,0.935479840884606,0.020692250305154918,0.022119397341142023,96
Ele,0.9143416130294403,0.021704610338300588,0.023737966236041512,96
