context1,context2,mean1,mean2,difference,t,p,d,sig
bar ,video game,0.9337662254770597,0.9180281395713489,0.015738085905710797,5.88782279248338,1.4650148441208909e-08,0.7601146540236193,***
bar ,movie,0.9337662254770597,0.920124011238416,0.013642214238643646,4.509127571100332,1.1159702591965387e-05,0.5821258662932094,***
concert ,video game,0.9303487901886304,0.9180281395713489,0.012320650617281492,4.4448408037252385,1.3737080381595373e-05,0.5738264803123679,***
concert ,movie,0.9303487901886304,0.920124011238416,0.010224778950214342,3.2843329859911394,0.001198747535219128,0.4240055652714453,**
bar ,concert ,0.9337662254770597,0.9303487901886304,0.0034174352884293047,1.4542477241577858,0.14720762932581924,0.187742573897438,n.s.
movie,video game,0.920124011238416,0.9180281395713489,0.0020958716670671507,0.6230839221506038,0.5338447690939878,0.08043978845929622,n.s.
