genre,clip_mean,clip_sd,context_mean,context_sd,difference,effect_size,t,p,sig,n_clip,n_context
80s,0.947825995584329,0.012971678375096574,0.9386957238117853,0.010597633763667501,0.009130271772543663,0.7708586911464071,2.6703328370432446,0.010560655794306532,*,24,24
Ele,0.9499437337120374,0.010962494791087565,0.9208100611964861,0.02009736024576274,0.029133672515551323,1.7997466082945401,6.234505132631812,3.5504518802335085e-07,***,24,24
Jaz,0.9595558693011602,0.010883800732747403,0.9382735416293144,0.019864969621270222,0.02128232767184579,1.3287523998116058,4.602933334305551,5.1078047393530914e-05,***,24,24
Met,0.9438320174813271,0.016189954874371568,0.9520116522908211,0.01086833628015559,-0.008179634809494019,-0.5932293839269827,-2.0550068670086357,0.04641120806055748,*,24,24
