genre,clip_mean,clip_sd,clip_cv,context_mean,context_sd,context_cv,cv_difference,levene_stat,levene_p,sig,n_clip,n_context
80s,0.947825995584329,0.012971678375096574,0.013685717036173514,0.9386957238117853,0.010597633763667501,0.011289743305352902,0.0023959737308206115,0.0025872552413966996,0.9596532754877867,n.s.,24,24
Ele,0.9499437337120374,0.010962494791087565,0.01154015169745906,0.9208100611964861,0.02009736024576274,0.021825739197124484,-0.010285587499665424,7.875291255357523,0.007323485127409259,**,24,24
Jaz,0.9595558693011602,0.010883800732747403,0.01134253989887428,0.9382735416293144,0.019864969621270222,0.021171831816524052,-0.009829291917649773,4.79928038737179,0.03357652662117406,*,24,24
Met,0.9438320174813271,0.016189954874371568,0.017153428337359698,0.9520116522908211,0.01086833628015559,0.011416179890238912,0.005737248447120785,3.135918006680943,0.08321123134454701,n.s.,24,24
