context,music_mean,music_sd,context_mean,context_sd,difference,effect_size,t,p,sig,n_music,n_context
bar ,0.9564832,0.013529611751437187,0.93943393,0.01764950156211853,0.017049253,1.0842087876060795,6.018507970871061,1.093087150602027e-08,***,48,120
concert ,0.9526229,0.01511723268777132,0.935582,0.018789933994412422,0.017040908,0.9993057765631469,5.597195420281736,8.836679896336705e-08,***,48,120
movie,0.95645505,0.015108962543308735,0.9289911,0.02470567263662815,0.027463973,1.341182003953875,7.176069380438851,2.2731070473265024e-11,***,48,120
video game,0.95397574,0.014623519964516163,0.92912596,0.021175790578126907,0.024849772,1.3655973919335078,7.444696450977937,5.011535100850845e-12,***,48,120
