genre,context,mean,std,n
80s,bar ,0.93696374,0.018673524260520935,54
80s,concert ,0.93740135,0.014495939016342163,54
80s,movie,0.9320726,0.019383206963539124,54
80s,video game,0.9352399,0.016760921105742455,54
Ele,bar ,0.938401,0.017146652564406395,38
Ele,concert ,0.9247064,0.02010023035109043,38
Ele,movie,0.9278124,0.02360597252845764,38
Ele,video game,0.9246087,0.020375413820147514,38
Jaz,bar ,0.9419016,0.014832601882517338,22
Jaz,concert ,0.94152546,0.014535116031765938,22
Jaz,movie,0.91749185,0.03446440026164055,22
Jaz,video game,0.9156883,0.024749500676989555,22
Met,bar ,0.9591591,0.007085831370204687,6
Met,concert ,0.96629316,0.00874402467161417,6
Met,movie,0.9508856,0.01271984912455082,6
Met,video game,0.9519818,0.008331291377544403,6
