context,mean,std,cv,n
concert ,0.96832585,0.007672169245779514,0.007923127,120
bar ,0.9649094,0.008415241725742817,0.008721277,120
movie,0.96514475,0.008482241071760654,0.008788569,120
video game,0.9621244,0.011082591488957405,0.011518876,120
