context1,context2,mean1,mean2,difference,t,p,d,sig
concert ,video game,0.96832585,0.9621244,0.006201446,5.039910908197437,9.220641509016729e-07,0.6506496767625102,***
bar ,concert ,0.9649094,0.96832585,-0.0034164786,-3.2865134561696308,0.0011674505049788146,-0.42428703468664336,**
concert ,movie,0.96832585,0.96514475,0.0031811,3.0468174557400673,0.0025735138800438645,0.3933424739091831,**
movie,video game,0.96514475,0.9621244,0.0030203462,2.370739221552942,0.0185501643527051,0.3060611321906407,*
bar ,video game,0.9649094,0.9621244,0.0027849674,2.1923661317287784,0.02932198428617945,0.2830332363128414,*
bar ,movie,0.9649094,0.96514475,-0.00023537874,-0.2157979969500428,0.8293300382009228,-0.027859403059474045,n.s.
