genre,mean,std,cv,n
80s,0.9684079,0.007110294420272112,0.0073422515,96
Met,0.96764946,0.008628849871456623,0.008917331,96
Jaz,0.9673708,0.00866073276847601,0.008952857,96
Ele,0.9621663,0.012504082173109055,0.01299576,96
