genre1,genre2,mean1,mean2,difference,t,p,d,sig
80s,Ele,0.9684079,0.9621663,0.0062416196,4.251516768887149,3.326529425735327e-05,0.6136535865629968,***
Ele,Met,0.9621663,0.96764946,-0.0054831505,-3.5362200002603905,0.000509957174065313,-0.5104094179044467,***
Ele,Jaz,0.9621663,0.9673708,-0.005204499,-3.3525097260368586,0.0009663845306474819,-0.48389309989798396,***
80s,Jaz,0.9684079,0.9673708,0.0010371208,0.9068415889117702,0.36563921889057305,0.13089129907885644,n.s.
80s,Met,0.9684079,0.96764946,0.0007584691,0.6646535565855929,0.5070779840265272,0.09593447851990643,n.s.
Jaz,Met,0.9673708,0.96764946,-0.0002786517,-0.223319721644757,0.8235265967340635,-0.032233425912885146,n.s.
