genre,music_mean,music_sd,context_mean,context_sd,difference,effect_size,t,p,sig,n_music,n_context
80s,0.97049373,0.0060465675778687,0.9705419,0.0055034649558365345,-4.8160553e-05,-0.008330261999916834,-0.028856874517623025,0.9771035758625783,n.s.,24,24
Ele,0.97417337,0.005823912099003792,0.9635903,0.010009214282035828,0.010583043,1.2924311375389794,4.477112972712993,4.96026183319663e-05,***,24,24
Jaz,0.9751212,0.005114489234983921,0.96797323,0.0077694617211818695,0.007147968,1.0867583035131183,3.7646414080629236,0.00047181774326127845,***,24,24
Met,0.9672137,0.0073990304954349995,0.9710696,0.006184966769069433,-0.003855884,-0.5654558982587647,-1.9587967241133357,0.05621508299148512,n.s.,24,24
