genre,mean,std,n,cv
80s,0.9684079,0.007110294420272112,96,0.0073422515
Met,0.96764946,0.008628849871456623,96,0.008917331
Jaz,0.9673708,0.00866073276847601,96,0.008952857
Ele,0.9621663,0.012504082173109055,96,0.01299576
