context,music_mean,music_sd,context_mean,context_sd,difference,effect_size,t,p,sig,n_music,n_context
bar ,0.97172517,0.007237332407385111,0.9649094,0.008415241725742817,0.006815791,0.8684288596464026,4.927582681629686,2.001053200844427e-06,***,48,120
concert ,0.9720505,0.0065768142230808735,0.96832585,0.007672169245779514,0.0037246346,0.5212551544909163,2.9557569728889472,0.0035732687714234296,**,48,120
movie,0.97361994,0.005315800197422504,0.96514475,0.008482241071760654,0.008475184,1.1973385844845748,6.4292770213659365,1.3080224752618245e-09,***,48,120
video game,0.9696066,0.007493140175938606,0.9621244,0.011082591488957405,0.007482171,0.7909541662927808,4.297158856544671,2.9393163688748894e-05,***,48,120
