genre,music_mean,music_sd,music_cv,context_mean,context_sd,context_cv,cv_difference,levene_stat,levene_p,sig,n_music,n_context
80s,0.97049373,0.0060465675778687,0.0062304037,0.9705419,0.0055034649558365345,0.0056705074,0.00055989623,0.07187879117968478,0.7898192723761882,n.s.,24,24
Ele,0.97417337,0.005823912099003792,0.005978312,0.9635903,0.010009214282035828,0.010387417,-0.004409105,4.230178587618307,0.045408333273346965,*,24,24
Jaz,0.9751212,0.005114489234983921,0.005244978,0.96797323,0.0077694617211818695,0.008026525,-0.0027815476,6.598589956387387,0.013515919126086521,*,24,24
Met,0.9672137,0.0073990304954349995,0.0076498403,0.9710696,0.006184966769069433,0.0063692313,0.001280609,0.43125761519844547,0.5146446131789646,n.s.,24,24
