context,mean,std,n,cv
concert ,0.96832585,0.007672169245779514,120,0.007923127
movie,0.96514475,0.008482241071760654,120,0.008788569
bar ,0.9649094,0.008415241725742817,120,0.008721277
video game,0.9621244,0.011082591488957405,120,0.011518876
