comparison,mean1,mean2,diff,t,p,sig,d,n1,n2
"Same Context & Same Clip vs Same Context, Diff Clip",0.65354925,0.64551425,0.008035004,12.828931009310846,1.1453389264256128e-37,***,0.07644095171835692,29375,450875
"Same Music, Diff Context vs Diff Music, Same Context",0.65026265,0.64551425,0.004748404,12.531203293480612,5.097664194896381e-36,***,0.04551131632292541,90474,450875
"Same Clip & Same Context vs Same Clip, Diff Context",0.65354925,0.65026265,0.0032866,4.652244433193263,3.2869167991499997e-06,***,0.031124667239291675,29375,90474
"Different everything, Same Genre vs Different everything, Different Genre",0.64570624,0.64264023,0.0030660033,13.807344185124261,2.3172869286269374e-43,***,0.02963021285379755,270501,1082516
