genre,mean,std,n,cv
Met,0.3901314413279371,0.05638700045276849,96,0.14453334050913022
Jaz,0.3574133848487853,0.05063160616026846,96,0.14166119207228267
80s,0.348122303264159,0.03178718863080881,96,0.09131040537408011
Ele,0.32471780545911594,0.03684501402368589,96,0.11346779697402493
