genre,mean,std,cv,n
80s,0.3419998829972698,0.030513075631651277,0.08921954991398305,72
Ele,0.3223036894278596,0.03669988256537804,0.11386739826195033,72
Met,0.37278187918602146,0.043627028600011455,0.11703097987292774,72
Jaz,0.348919662012149,0.0546289464494109,0.15656597319387744,72
