genre,clip_mean,clip_sd,clip_cv,context_mean,context_sd,context_cv,cv_difference,levene_stat,levene_p,sig,n_clip,n_context
80s,0.3858078823615098,0.03792933483559049,0.09831145647783819,0.35578448001683904,0.03136222277239467,0.08814949648987026,0.010161959987967928,0.8187454361221378,0.37026209388594356,n.s.,24,24
Ele,0.406700838665931,0.048248980891439544,0.11863506613290228,0.32871076764687795,0.03394194018409326,0.10325776799790097,0.015377298135001313,2.693587561771499,0.10757347312183581,n.s.,24,24
Jaz,0.4297304609680364,0.05074724421228508,0.11809087049116514,0.353380743762826,0.05328311981261897,0.15078105061768818,-0.03269018012652304,0.07461323710295936,0.7859572998236105,n.s.,24,24
Met,0.39267309448026483,0.037019137541715236,0.0942746983740078,0.3973284901245675,0.04295438944198684,0.10810800259634061,-0.01383330422233281,0.23010996266617878,0.6337153246986329,n.s.,24,24
