context,mean,std,n,cv
bar ,0.3544637827030347,0.035485242799847494,120,0.10010964316085456
concert ,0.34936743916437235,0.04106035258046899,120,0.11752770286400582
movie,0.33457886117722424,0.039233231020515014,120,0.11726153553895154
video game,0.324722198561348,0.03748678381646378,120,0.11544262752144925
