context1,context2,mean1,mean2,diff,t,df,p,d,n1,n2,p_bonf,sig,sig_bonf
bar,videogame,0.13815641537231363,0.12365546518802202,0.014500950184291608,3.670836478078802,236.81603342896926,0.0002987675312449145,0.47390295154166284,120,120,0.001792605187469487,***,**
concert,videogame,0.13374357726544808,0.12365546518802202,0.010088112077426062,2.46614014669911,237.9994665379041,0.014363881983022297,0.3183773239193057,120,120,0.08618329189813378,*,n.s.
bar,movie,0.13815641537231363,0.12811123234300265,0.010045183029310983,2.382545300931539,230.1894829192682,0.018006493644615817,0.30758527573641964,120,120,0.1080389618676949,*,n.s.
concert,movie,0.13374357726544808,0.12811123234300265,0.005632344922445437,1.2954112983791675,234.97217404132553,0.19644959022158837,0.16723687950371474,120,120,1.0,n.s.,n.s.
bar,concert,0.13815641537231363,0.13374357726544808,0.0044128381068655465,1.1161902966581236,236.76588711711182,0.2654721997644258,0.14409954767184097,120,120,1.0,n.s.,n.s.
movie,videogame,0.12811123234300265,0.12365546518802202,0.004455767154980625,1.0254839845028152,234.8938719930245,0.30618976925449903,0.13238941312606095,120,120,1.0,n.s.,n.s.
