genre1,genre2,mean1,mean2,difference,t,p,d,sig
Ele,Met,0.32471780545911594,0.3901314413279371,-0.06541363586882115,-9.515183686809928,2.3241825102003682e-17,-1.373398465742112,***
80s,Met,0.348122303264159,0.3901314413279371,-0.042009138063778095,-6.358820481015464,2.325395373245816e-09,-0.917816679110696,***
Ele,Jaz,0.32471780545911594,0.3574133848487853,-0.03269557938966938,-5.115874553490493,8.209392353401766e-07,-0.7384128876495233,***
80s,Ele,0.348122303264159,0.32471780545911594,0.023404497805043056,4.712440609509372,4.782359885000254e-06,0.68018221361009,***
Jaz,Met,0.3574133848487853,0.3901314413279371,-0.03271805647915177,-4.230110268271651,3.646632350270585e-05,-0.6105638255221095,***
80s,Jaz,0.348122303264159,0.3574133848487853,-0.009291081584626326,-1.5227392186693716,0.1298001774898475,-0.21978847445109054,n.s.
