context,clip_mean,clip_sd,context_mean,context_sd,difference,effect_size,t,df,p,sig,n_clip,n_context,p_bonferroni,sig_bonferroni
bar ,0.40894337968510674,0.04649449822135169,0.3544637827030347,0.035485242799847494,0.054479596982072054,1.3172739495928243,7.310914955150675,69.9534564792168,3.38658656673374e-10,***,48,120,1.354634626693496e-09,***
concert ,0.39985520094423865,0.045973025456124805,0.34936743916437235,0.04106035258046899,0.0504877617798663,1.1583492269744624,6.624729251907968,78.61733504494997,3.929825131976372e-09,***,48,120,1.571930052790549e-08,***
movie,0.4060080133561888,0.04577667687252474,0.33457886117722424,0.039233231020515014,0.07142915217896456,1.6755337763033324,9.504190199529228,76.08231359446187,1.4432899320127035e-14,***,48,120,5.773159728050814e-14,***
video game,0.40194048639425867,0.04807360880369706,0.324722198561348,0.03748678381646378,0.07721828783291068,1.791339827422987,9.980670385906924,70.98472405420543,3.774758283725532e-15,***,48,120,1.509903313490213e-14,***
