comparison,group1,group2,mean1,std1,n1,mean2,std2,n2,difference,t,df,p,sig,d
Within vs Between Context,Within-Context,Between-Context,0.3407830704014948,0.03999336500306935,480,0.3331066175176289,0.042675306023414156,1536,0.007676452883865925,3.608456362364045,846.5075580154282,0.00032609734204180896,***,0.18549580893314072
bar  vs Between,Within-bar ,Between-Context,0.3544637827030347,0.03533707829970423,120,0.3331066175176289,0.042675306023414156,1536,0.021357165185405813,6.249223583753613,147.28492734759178,4.207884263252026e-09,***,0.5440922511240269
concert  vs Between,Within-concert ,Between-Context,0.34936743916437235,0.04088890985848717,120,0.3331066175176289,0.042675306023414156,1536,0.016260821646743473,4.165876610912683,139.86951297836848,5.4018531953081705e-05,***,0.38824675901323086
movie vs Between,Within-movie,Between-Context,0.33457886117722424,0.039069417231894554,120,0.3331066175176289,0.042675306023414156,1536,0.0014722436595953625,0.39328422049510353,141.93774001791385,0.6946996688997886,n.s.,0.03591044029171834
video game vs Between,Within-video game,Between-Context,0.324722198561348,0.03733026211482364,120,0.3331066175176289,0.042675306023414156,1536,-0.008384418956280892,-2.3346931946559164,144.21946773716803,0.020939146911868045,*,-0.2087114568357337
