genre,clip_mean,clip_sd,clip_cv,context_mean,context_sd,context_cv,cv_difference,levene_stat,levene_p,sig,n_clip,n_context
80s,0.38662680896794926,0.03847358840995317,0.0995109172916733,0.355954985002959,0.03138258023820034,0.08816446337432095,0.011346453917352353,0.8589521403488334,0.3588694111013693,n.s.,24,24
Ele,0.4072572097602187,0.048024462600416956,0.11792170021665761,0.3294729019321836,0.03406879338048959,0.10340393149389286,0.014517768722764751,2.325218171207876,0.13413886614019555,n.s.,24,24
Jaz,0.430032130157978,0.05101899157876345,0.11863995269381604,0.3537043000071802,0.05328645431076088,0.15065254878065992,-0.032012596086843884,0.07742905148196146,0.7820591935447091,n.s.,24,24
Met,0.3928309314936471,0.037010748804225946,0.09421546481459922,0.39740687714682377,0.04297530225477398,0.10813930187447802,-0.013923837059878805,0.23239885739442778,0.6320367025464524,n.s.,24,24
