genre,mean,std,cv,n
80s,0.34482632594209567,0.0312759780224668,0.09070066775504479,96
Ele,0.3233357750540198,0.035798912727078476,0.11071745067831588,96
Met,0.3788031008150399,0.044528822725022746,0.11755136805695016,96
Jaz,0.34968826751141685,0.05412633644639309,0.15478453661481778,96
