context,mean,std,cv,n
bar ,0.3555640328323768,0.03580482181688546,0.10069866046818322,120
movie,0.33433440500087996,0.03854416837440838,0.11528627565059281,120
video game,0.33245084759785715,0.03869606165153929,0.11639633928185152,120
concert ,0.3471934860440224,0.04605849992491889,0.13265945870620077,120
