context,mean,std,n,cv
bar ,0.354268912593385,0.035391587591806675,120,0.09990034782540362
concert ,0.3486310238283033,0.041335133386416825,120,0.11856412815049384
movie,0.33449826728178844,0.03921989128700555,120,0.11724990866384932
video game,0.3245889446072043,0.037439953400793986,120,0.11534574428005027
