comparison,group1,group2,mean1,std1,n1,mean2,std2,n2,difference,t,p,sig,d
Within vs Between Genre,Within-Genre,Between-Genre,0.3665028181143796,0.055470052269718004,480,0.32647233760783745,0.03509009773477273,1536,0.040030480506542176,14.89181562013388,6.098182001318551e-43,***,0.8617710048201707
80s vs Between,Within-80s,Between-Genre,0.35603592918176996,0.036470720313110695,120,0.32647233760783745,0.03509009773477273,1536,0.029563591573932513,8.541543071950112,2.303403474529064e-14,***,0.8241720261708645
Ele vs Between,Within-Ele,Between-Genre,0.342027289181811,0.05283181215728267,120,0.32647233760783745,0.03509009773477273,1536,0.015554951573973574,3.1582356030401013,0.0019827255058208738,**,0.3458033860653272
Jaz vs Between,Within-Jaz,Between-Genre,0.37375102778669067,0.060415704733440115,120,0.32647233760783745,0.03509009773477273,1536,0.04727869017885322,8.427197713741583,7.076488569251374e-14,***,0.9539240616399023
Met vs Between,Within-Met,Between-Genre,0.3941970263072468,0.05484726619862634,120,0.32647233760783745,0.03509009773477273,1536,0.06772468869940934,13.261176560195073,1.0450367112716563e-25,***,1.4664625911585243
