context,clip_mean,clip_sd,clip_cv,context_mean,context_sd,context_cv,cv_difference,levene_stat,levene_p,sig,n_clip,n_context
bar ,0.40894337968510674,0.04649449822135169,0.11369421912919395,0.3544637827030347,0.035485242799847494,0.10010964316085456,0.013584575968339382,3.3076525421277805,0.07076022524859585,n.s.,48,120
concert ,0.39985520094423865,0.045973025456124805,0.11497418402352086,0.34936743916437235,0.04106035258046899,0.11752770286400582,-0.002553518840484964,0.16149412437976823,0.6883015424319265,n.s.,48,120
movie,0.4060080133561888,0.04577667687252474,0.11274821029792112,0.33457886117722424,0.039233231020515014,0.11726153553895154,-0.0045133252410304164,3.1705396850081664,0.0768066598718881,n.s.,48,120
video game,0.40194048639425867,0.04807360880369706,0.11960379815170503,0.324722198561348,0.03748678381646378,0.11544262752144925,0.004161170630255784,5.0670158840526796,0.02569766184108632,*,48,120
