context,clip_mean,clip_sd,context_mean,context_sd,difference,effect_size,t,p,sig,n_clip,n_context
bar ,0.41637005450045095,0.0506030265713986,0.3555640328323768,0.03580482181688546,0.06080602166807414,1.3872223737543208,7.598946683774993,1.3087560685752506e-10,***,48,120
concert ,0.40921057398683236,0.05206203566344976,0.3471934860440224,0.04605849992491889,0.06201708794280997,1.2617405232720609,7.202236881091096,3.237093530928006e-10,***,48,120
movie,0.41215268130333893,0.049500094439757746,0.33433440500087996,0.03854416837440838,0.07781827630245897,1.7541789698344286,9.771084589519122,9.085675446228612e-15,***,48,120
video game,0.41078331289697995,0.05170225025615849,0.33245084759785715,0.03869606165153929,0.0783324652991228,1.7153878131449105,9.48747560618301,3.870080501427857e-14,***,48,120
