context,mean,std,n,cv
bar ,0.3555640328323768,0.03580482181688546,120,0.10069866046818322
concert ,0.3471934860440224,0.04605849992491889,120,0.13265945870620077
movie,0.33433440500087996,0.03854416837440838,120,0.11528627565059281
video game,0.33245084759785715,0.03869606165153929,120,0.11639633928185152
