comparison,group1,group2,mean1,std1,n1,mean2,std2,n2,difference,t,p,sig,d
Within vs Between Genre,Within-Genre,Between-Genre,0.36007630768830157,0.051329988531087285,480,0.32647580389755154,0.03522380737011357,1536,0.033600503790750025,13.377375474967701,4.4631663149967656e-36,***,0.7626839216744729
80s vs Between,Within-80s,Between-Genre,0.35302263722597854,0.03631603264197941,120,0.32647580389755154,0.03522380737011357,1536,0.026546833328427,7.698424131807894,2.467316622715997e-12,***,0.7403510076816937
Ele vs Between,Within-Ele,Between-Genre,0.34000878777640203,0.050721993064307275,120,0.32647580389755154,0.03522380737011357,1536,0.01353298387885049,2.8575929866444394,0.004983700791220813,**,0.30901311137405824
Jaz vs Between,Within-Jaz,Between-Genre,0.36569670620274075,0.06195151901512615,120,0.32647580389755154,0.03522380737011357,1536,0.03922090230518921,6.821252694941826,3.447694932374621e-10,***,0.7757950909571596
Met vs Between,Within-Met,Between-Genre,0.38157709954808483,0.043164485661146876,120,0.32647580389755154,0.03522380737011357,1536,0.05510129565053329,13.579329301577419,8.422816073886131e-27,***,1.3950020046223848
