context,mean,std,cv,n
bar ,0.3685524664820413,0.035527343313667054,0.09639697612876569,120
video game,0.34448027740832726,0.03696321866161299,0.10730140761527228,120
movie,0.3448540811805973,0.03819535869080189,0.11075803006315384,120
concert ,0.35820995894098157,0.04513530967147025,0.12600238643534395,120
