genre1,genre2,mean1,mean2,difference,t,df,p,d,sig,n1,n2,p_bonferroni,sig_bonferroni
Ele,Met,0.3223036894278596,0.37278187918602146,-0.05047818975816187,-7.513028626773255,137.9565394801252,6.5707439489415265e-12,-1.2521714377955426,***,72,72,3.942446369364916e-11,***
80s,Met,0.3419998829972698,0.37278187918602146,-0.03078199618875166,-4.906085456784663,127.05014086096146,2.7886310205449405e-06,-0.8176809094641104,***,72,72,1.6731786123269643e-05,***
80s,Ele,0.3419998829972698,0.3223036894278596,0.019696193569410214,3.501696035390908,137.4205798154718,0.000624002412074498,0.5836160058984848,***,72,72,0.003744014472446988,**
Ele,Jaz,0.3223036894278596,0.348919662012149,-0.026615972584289438,-3.4316604585488335,124.24241937597017,0.0008152111956247765,-0.571943409758139,***,72,72,0.004891267173748659,**
Jaz,Met,0.348919662012149,0.37278187918602146,-0.023862217173872435,-2.8961927564414447,135.3777770664737,0.0044058571408285285,-0.4826987927402408,**,72,72,0.02643514284497117,*
80s,Jaz,0.3419998829972698,0.348919662012149,-0.006919779014879224,-0.9383656309683132,111.37168610333711,0.35008711490280664,-0.1563942718280522,n.s.,72,72,1.0,n.s.
