genre,clip_mean,clip_sd,context_mean,context_sd,difference,effect_size,t,p,sig,n_clip,n_context
80s,0.38769043285221344,0.03820025918440684,0.3595646927047196,0.03148176650395421,0.02812574014749386,0.8035333092171406,2.783521034276081,0.007871830161843257,**,24,24
Ele,0.41126522407259153,0.051986438746689845,0.32994688963144453,0.03566913834906046,0.081318334441147,1.824070468541291,6.318765456198967,1.5648686519228048e-07,***,24,24
Jaz,0.4391015995383117,0.05370928672013177,0.36146684942652557,0.04884346389447177,0.07763475011178611,1.5123438515447076,5.2389127787796745,4.009941537500243e-06,***,24,24
Met,0.4104593662244856,0.04708959510397461,0.41119393522164965,0.054935893987891476,-0.0007345689971640645,-0.014357320247251738,-0.04973521625755474,0.9605537432820679,n.s.,24,24
