item_i,item_j,similarity,same_clip,same_context,same_genre,condition,clip_i,clip_j,context_i,context_j,genre_i,genre_j
0,1,0.175963418529031,False,True,True,dc_SX_SG,80s_LOW_02,80s_LOW_06,bar,bar,80s,80s
0,2,0.13406720882741402,False,True,True,dc_SX_SG,80s_LOW_02,80s_MED_08,bar,bar,80s,80s
0,3,0.1295160939735944,False,True,True,dc_SX_SG,80s_LOW_02,80s_MED_13,bar,bar,80s,80s
0,4,0.13680169486458726,False,True,False,dc_SX_dg,80s_LOW_02,Ele_LOW_09,bar,bar,80s,Ele
0,5,0.12073409213902496,False,True,False,dc_SX_dg,80s_LOW_02,Ele_LOW_14,bar,bar,80s,Ele
0,6,0.2123791284465585,False,True,False,dc_SX_dg,80s_LOW_02,Ele_MED_19,bar,bar,80s,Ele
0,7,0.16368684599251337,False,True,False,dc_SX_dg,80s_LOW_02,Ele_MED_20,bar,bar,80s,Ele
0,8,0.14079710006821305,False,True,False,dc_SX_dg,80s_LOW_02,Jaz_LOW_19,bar,bar,80s,Jaz
0,9,0.1569970508161827,False,True,False,dc_SX_dg,80s_LOW_02,Jaz_LOW_21,bar,bar,80s,Jaz
0,10,0.21193611802365941,False,True,False,dc_SX_dg,80s_LOW_02,Jaz_MED_02,bar,bar,80s,Jaz
0,11,0.2170772453756548,False,True,False,dc_SX_dg,80s_LOW_02,Jaz_MED_07,bar,bar,80s,Jaz
0,12,0.1399264126653025,False,True,False,dc_SX_dg,80s_LOW_02,Met_LOW_09,bar,bar,80s,Met
0,13,0.1556638805220947,False,True,False,dc_SX_dg,80s_LOW_02,Met_LOW_14,bar,bar,80s,Met
0,14,0.16244846879621072,False,True,False,dc_SX_dg,80s_LOW_02,Met_MED_19,bar,bar,80s,Met
0,15,0.14284872038158833,False,True,False,dc_SX_dg,80s_LOW_02,Met_MED_20,bar,bar,80s,Met
0,16,0.2098494734839192,True,False,True,SC_dx,80s_LOW_02,80s_LOW_02,bar,concert,80s,80s
0,17,0.14322685901423943,False,False,True,dc_dx_SG,80s_LOW_02,80s_LOW_06,bar,concert,80s,80s
0,18,0.14902197374410528,False,False,True,dc_dx_SG,80s_LOW_02,80s_MED_08,bar,concert,80s,80s
0,19,0.13329536078343318,False,False,True,dc_dx_SG,80s_LOW_02,80s_MED_13,bar,concert,80s,80s
0,20,0.12365009856415558,False,False,False,dc_dx_dg,80s_LOW_02,Ele_LOW_09,bar,concert,80s,Ele
0,21,0.12147190936981454,False,False,False,dc_dx_dg,80s_LOW_02,Ele_LOW_14,bar,concert,80s,Ele
0,22,0.1756104603944458,False,False,False,dc_dx_dg,80s_LOW_02,Ele_MED_19,bar,concert,80s,Ele
0,23,0.13315115172612016,False,False,False,dc_dx_dg,80s_LOW_02,Ele_MED_20,bar,concert,80s,Ele
0,24,0.1455026205107444,False,False,False,dc_dx_dg,80s_LOW_02,Jaz_LOW_19,bar,concert,80s,Jaz
0,25,0.14911139714965244,False,False,False,dc_dx_dg,80s_LOW_02,Jaz_LOW_21,bar,concert,80s,Jaz
0,26,0.15193877813085147,False,False,False,dc_dx_dg,80s_LOW_02,Jaz_MED_02,bar,concert,80s,Jaz
0,27,0.16271674807851377,False,False,False,dc_dx_dg,80s_LOW_02,Jaz_MED_07,bar,concert,80s,Jaz
0,28,0.1382077576778656,False,False,False,dc_dx_dg,80s_LOW_02,Met_LOW_09,bar,concert,80s,Met
0,29,0.11015735483876507,False,False,False,dc_dx_dg,80s_LOW_02,Met_LOW_14,bar,concert,80s,Met
0,30,0.11421471073315811,False,False,False,dc_dx_dg,80s_LOW_02,Met_MED_19,bar,concert,80s,Met
0,31,0.15925121103293655,False,False,False,dc_dx_dg,80s_LOW_02,Met_MED_20,bar,concert,80s,Met
0,32,0.20831692359544793,True,False,True,SC_dx,80s_LOW_02,80s_LOW_02,bar,movie,80s,80s
0,33,0.14149914262983526,False,False,True,dc_dx_SG,80s_LOW_02,80s_LOW_06,bar,movie,80s,80s
0,34,0.1430031073126146,False,False,True,dc_dx_SG,80s_LOW_02,80s_MED_08,bar,movie,80s,80s
0,35,0.1466410790544725,False,False,True,dc_dx_SG,80s_LOW_02,80s_MED_13,bar,movie,80s,80s
0,36,0.1497930005927913,False,False,False,dc_dx_dg,80s_LOW_02,Ele_LOW_09,bar,movie,80s,Ele
0,37,0.11475840316161202,False,False,False,dc_dx_dg,80s_LOW_02,Ele_LOW_14,bar,movie,80s,Ele
0,38,0.17810235296456542,False,False,False,dc_dx_dg,80s_LOW_02,Ele_MED_19,bar,movie,80s,Ele
0,39,0.1615235413099376,False,False,False,dc_dx_dg,80s_LOW_02,Ele_MED_20,bar,movie,80s,Ele
0,40,0.1470303031766487,False,False,False,dc_dx_dg,80s_LOW_02,Jaz_LOW_19,bar,movie,80s,Jaz
0,41,0.12229469859391087,False,False,False,dc_dx_dg,80s_LOW_02,Jaz_LOW_21,bar,movie,80s,Jaz
0,42,0.194220839862404,False,False,False,dc_dx_dg,80s_LOW_02,Jaz_MED_02,bar,movie,80s,Jaz
0,43,0.22389155928484397,False,False,False,dc_dx_dg,80s_LOW_02,Jaz_MED_07,bar,movie,80s,Jaz
0,44,0.11871356742499735,False,False,False,dc_dx_dg,80s_LOW_02,Met_LOW_09,bar,movie,80s,Met
0,45,0.10633559833266834,False,False,False,dc_dx_dg,80s_LOW_02,Met_LOW_14,bar,movie,80s,Met
0,46,0.15094605548582662,False,False,False,dc_dx_dg,80s_LOW_02,Met_MED_19,bar,movie,80s,Met
0,47,0.13006170927554367,False,False,False,dc_dx_dg,80s_LOW_02,Met_MED_20,bar,movie,80s,Met
0,48,0.21526723111087145,True,False,True,SC_dx,80s_LOW_02,80s_LOW_02,bar,videogame,80s,80s
0,49,0.1281002660934082,False,False,True,dc_dx_SG,80s_LOW_02,80s_LOW_06,bar,videogame,80s,80s
0,50,0.13878889237844924,False,False,True,dc_dx_SG,80s_LOW_02,80s_MED_08,bar,videogame,80s,80s
0,51,0.15150777112121772,False,False,True,dc_dx_SG,80s_LOW_02,80s_MED_13,bar,videogame,80s,80s
0,52,0.11727737905715101,False,False,False,dc_dx_dg,80s_LOW_02,Ele_LOW_09,bar,videogame,80s,Ele
0,53,0.0861108645168304,False,False,False,dc_dx_dg,80s_LOW_02,Ele_LOW_14,bar,videogame,80s,Ele
0,54,0.17684598792839115,False,False,False,dc_dx_dg,80s_LOW_02,Ele_MED_19,bar,videogame,80s,Ele
0,55,0.13984580049255874,False,False,False,dc_dx_dg,80s_LOW_02,Ele_MED_20,bar,videogame,80s,Ele
0,56,0.0933086488648197,False,False,False,dc_dx_dg,80s_LOW_02,Jaz_LOW_19,bar,videogame,80s,Jaz
0,57,0.12567559492243677,False,False,False,dc_dx_dg,80s_LOW_02,Jaz_LOW_21,bar,videogame,80s,Jaz
0,58,0.17282581176927625,False,False,False,dc_dx_dg,80s_LOW_02,Jaz_MED_02,bar,videogame,80s,Jaz
0,59,0.25356012505810965,False,False,False,dc_dx_dg,80s_LOW_02,Jaz_MED_07,bar,videogame,80s,Jaz
0,60,0.12778342431751336,False,False,False,dc_dx_dg,80s_LOW_02,Met_LOW_09,bar,videogame,80s,Met
0,61,0.09466750853036263,False,False,False,dc_dx_dg,80s_LOW_02,Met_LOW_14,bar,videogame,80s,Met
0,62,0.10430478726320536,False,False,False,dc_dx_dg,80s_LOW_02,Met_MED_19,bar,videogame,80s,Met
0,63,0.10656249593690782,False,False,False,dc_dx_dg,80s_LOW_02,Met_MED_20,bar,videogame,80s,Met
1,2,0.19431311269926227,False,True,True,dc_SX_SG,80s_LOW_06,80s_MED_08,bar,bar,80s,80s
1,3,0.13225118999003588,False,True,True,dc_SX_SG,80s_LOW_06,80s_MED_13,bar,bar,80s,80s
1,4,0.1622540308017234,False,True,False,dc_SX_dg,80s_LOW_06,Ele_LOW_09,bar,bar,80s,Ele
1,5,0.16411273296408155,False,True,False,dc_SX_dg,80s_LOW_06,Ele_LOW_14,bar,bar,80s,Ele
1,6,0.13628428263993292,False,True,False,dc_SX_dg,80s_LOW_06,Ele_MED_19,bar,bar,80s,Ele
1,7,0.16445093540716324,False,True,False,dc_SX_dg,80s_LOW_06,Ele_MED_20,bar,bar,80s,Ele
1,8,0.16298146962085064,False,True,False,dc_SX_dg,80s_LOW_06,Jaz_LOW_19,bar,bar,80s,Jaz
1,9,0.1972816035365344,False,True,False,dc_SX_dg,80s_LOW_06,Jaz_LOW_21,bar,bar,80s,Jaz
1,10,0.1915987085463114,False,True,False,dc_SX_dg,80s_LOW_06,Jaz_MED_02,bar,bar,80s,Jaz
1,11,0.2131987495516278,False,True,False,dc_SX_dg,80s_LOW_06,Jaz_MED_07,bar,bar,80s,Jaz
1,12,0.17803498619651018,False,True,False,dc_SX_dg,80s_LOW_06,Met_LOW_09,bar,bar,80s,Met
1,13,0.14356110584885265,False,True,False,dc_SX_dg,80s_LOW_06,Met_LOW_14,bar,bar,80s,Met
1,14,0.15323975227539904,False,True,False,dc_SX_dg,80s_LOW_06,Met_MED_19,bar,bar,80s,Met
1,15,0.11672033898117151,False,True,False,dc_SX_dg,80s_LOW_06,Met_MED_20,bar,bar,80s,Met
1,16,0.16581399429664678,False,False,True,dc_dx_SG,80s_LOW_06,80s_LOW_02,bar,concert,80s,80s
1,17,0.20484424116500186,True,False,True,SC_dx,80s_LOW_06,80s_LOW_06,bar,concert,80s,80s
1,18,0.1637509805484018,False,False,True,dc_dx_SG,80s_LOW_06,80s_MED_08,bar,concert,80s,80s
1,19,0.15095196727248253,False,False,True,dc_dx_SG,80s_LOW_06,80s_MED_13,bar,concert,80s,80s
1,20,0.1427455868758564,False,False,False,dc_dx_dg,80s_LOW_06,Ele_LOW_09,bar,concert,80s,Ele
1,21,0.12557793055003452,False,False,False,dc_dx_dg,80s_LOW_06,Ele_LOW_14,bar,concert,80s,Ele
1,22,0.1965052126103675,False,False,False,dc_dx_dg,80s_LOW_06,Ele_MED_19,bar,concert,80s,Ele
1,23,0.1073719901557894,False,False,False,dc_dx_dg,80s_LOW_06,Ele_MED_20,bar,concert,80s,Ele
1,24,0.16818117917886852,False,False,False,dc_dx_dg,80s_LOW_06,Jaz_LOW_19,bar,concert,80s,Jaz
1,25,0.1647124259210407,False,False,False,dc_dx_dg,80s_LOW_06,Jaz_LOW_21,bar,concert,80s,Jaz
1,26,0.15497059369409175,False,False,False,dc_dx_dg,80s_LOW_06,Jaz_MED_02,bar,concert,80s,Jaz
1,27,0.22381734127663303,False,False,False,dc_dx_dg,80s_LOW_06,Jaz_MED_07,bar,concert,80s,Jaz
1,28,0.1105695649432895,False,False,False,dc_dx_dg,80s_LOW_06,Met_LOW_09,bar,concert,80s,Met
1,29,0.13486680618435484,False,False,False,dc_dx_dg,80s_LOW_06,Met_LOW_14,bar,concert,80s,Met
1,30,0.09958318598919984,False,False,False,dc_dx_dg,80s_LOW_06,Met_MED_19,bar,concert,80s,Met
1,31,0.18510141525214302,False,False,False,dc_dx_dg,80s_LOW_06,Met_MED_20,bar,concert,80s,Met
1,32,0.13164277451986328,False,False,True,dc_dx_SG,80s_LOW_06,80s_LOW_02,bar,movie,80s,80s
1,33,0.18885988205251084,True,False,True,SC_dx,80s_LOW_06,80s_LOW_06,bar,movie,80s,80s
1,34,0.12389593660895772,False,False,True,dc_dx_SG,80s_LOW_06,80s_MED_08,bar,movie,80s,80s
1,35,0.11841564742101542,False,False,True,dc_dx_SG,80s_LOW_06,80s_MED_13,bar,movie,80s,80s
1,36,0.12160502399843727,False,False,False,dc_dx_dg,80s_LOW_06,Ele_LOW_09,bar,movie,80s,Ele
1,37,0.08808150308612527,False,False,False,dc_dx_dg,80s_LOW_06,Ele_LOW_14,bar,movie,80s,Ele
1,38,0.13119698367932292,False,False,False,dc_dx_dg,80s_LOW_06,Ele_MED_19,bar,movie,80s,Ele
1,39,0.13733324161694394,False,False,False,dc_dx_dg,80s_LOW_06,Ele_MED_20,bar,movie,80s,Ele
1,40,0.13922228555339472,False,False,False,dc_dx_dg,80s_LOW_06,Jaz_LOW_19,bar,movie,80s,Jaz
1,41,0.10168039053849534,False,False,False,dc_dx_dg,80s_LOW_06,Jaz_LOW_21,bar,movie,80s,Jaz
1,42,0.19652628852209392,False,False,False,dc_dx_dg,80s_LOW_06,Jaz_MED_02,bar,movie,80s,Jaz
1,43,0.23777037849657157,False,False,False,dc_dx_dg,80s_LOW_06,Jaz_MED_07,bar,movie,80s,Jaz
1,44,0.08157519389692973,False,False,False,dc_dx_dg,80s_LOW_06,Met_LOW_09,bar,movie,80s,Met
1,45,0.08074982386230797,False,False,False,dc_dx_dg,80s_LOW_06,Met_LOW_14,bar,movie,80s,Met
1,46,0.12894051991259645,False,False,False,dc_dx_dg,80s_LOW_06,Met_MED_19,bar,movie,80s,Met
1,47,0.1374831319697172,False,False,False,dc_dx_dg,80s_LOW_06,Met_MED_20,bar,movie,80s,Met
1,48,0.13660258595994773,False,False,True,dc_dx_SG,80s_LOW_06,80s_LOW_02,bar,videogame,80s,80s
1,49,0.14218511740054732,True,False,True,SC_dx,80s_LOW_06,80s_LOW_06,bar,videogame,80s,80s
1,50,0.13147438979237777,False,False,True,dc_dx_SG,80s_LOW_06,80s_MED_08,bar,videogame,80s,80s
1,51,0.12162349923912498,False,False,True,dc_dx_SG,80s_LOW_06,80s_MED_13,bar,videogame,80s,80s
1,52,0.10139980652815743,False,False,False,dc_dx_dg,80s_LOW_06,Ele_LOW_09,bar,videogame,80s,Ele
1,53,0.09599363096075945,False,False,False,dc_dx_dg,80s_LOW_06,Ele_LOW_14,bar,videogame,80s,Ele
1,54,0.1179463545792853,False,False,False,dc_dx_dg,80s_LOW_06,Ele_MED_19,bar,videogame,80s,Ele
1,55,0.09206411812782818,False,False,False,dc_dx_dg,80s_LOW_06,Ele_MED_20,bar,videogame,80s,Ele
1,56,0.12047594417397581,False,False,False,dc_dx_dg,80s_LOW_06,Jaz_LOW_19,bar,videogame,80s,Jaz
1,57,0.11248245785634103,False,False,False,dc_dx_dg,80s_LOW_06,Jaz_LOW_21,bar,videogame,80s,Jaz
1,58,0.1662424270036891,False,False,False,dc_dx_dg,80s_LOW_06,Jaz_MED_02,bar,videogame,80s,Jaz
1,59,0.19639701315608818,False,False,False,dc_dx_dg,80s_LOW_06,Jaz_MED_07,bar,videogame,80s,Jaz
1,60,0.10098378236054023,False,False,False,dc_dx_dg,80s_LOW_06,Met_LOW_09,bar,videogame,80s,Met
1,61,0.08269252781602189,False,False,False,dc_dx_dg,80s_LOW_06,Met_LOW_14,bar,videogame,80s,Met
1,62,0.07628998563760792,False,False,False,dc_dx_dg,80s_LOW_06,Met_MED_19,bar,videogame,80s,Met
1,63,0.08001672262374578,False,False,False,dc_dx_dg,80s_LOW_06,Met_MED_20,bar,videogame,80s,Met
2,3,0.199298473140502,False,True,True,dc_SX_SG,80s_MED_08,80s_MED_13,bar,bar,80s,80s
2,4,0.15147878578469406,False,True,False,dc_SX_dg,80s_MED_08,Ele_LOW_09,bar,bar,80s,Ele
2,5,0.1980934122162017,False,True,False,dc_SX_dg,80s_MED_08,Ele_LOW_14,bar,bar,80s,Ele
2,6,0.1474018036468125,False,True,False,dc_SX_dg,80s_MED_08,Ele_MED_19,bar,bar,80s,Ele
2,7,0.16183796400679193,False,True,False,dc_SX_dg,80s_MED_08,Ele_MED_20,bar,bar,80s,Ele
2,8,0.19448298544212553,False,True,False,dc_SX_dg,80s_MED_08,Jaz_LOW_19,bar,bar,80s,Jaz
2,9,0.20241760700537034,False,True,False,dc_SX_dg,80s_MED_08,Jaz_LOW_21,bar,bar,80s,Jaz
2,10,0.15092021024782465,False,True,False,dc_SX_dg,80s_MED_08,Jaz_MED_02,bar,bar,80s,Jaz
2,11,0.16736057305317603,False,True,False,dc_SX_dg,80s_MED_08,Jaz_MED_07,bar,bar,80s,Jaz
2,12,0.14721851138200687,False,True,False,dc_SX_dg,80s_MED_08,Met_LOW_09,bar,bar,80s,Met
2,13,0.15057166687025925,False,True,False,dc_SX_dg,80s_MED_08,Met_LOW_14,bar,bar,80s,Met
2,14,0.15220941321213927,False,True,False,dc_SX_dg,80s_MED_08,Met_MED_19,bar,bar,80s,Met
2,15,0.15168733551617708,False,True,False,dc_SX_dg,80s_MED_08,Met_MED_20,bar,bar,80s,Met
2,16,0.15112729439705258,False,False,True,dc_dx_SG,80s_MED_08,80s_LOW_02,bar,concert,80s,80s
2,17,0.1944868168329217,False,False,True,dc_dx_SG,80s_MED_08,80s_LOW_06,bar,concert,80s,80s
2,18,0.18715047830316495,True,False,True,SC_dx,80s_MED_08,80s_MED_08,bar,concert,80s,80s
2,19,0.10554996937284063,False,False,True,dc_dx_SG,80s_MED_08,80s_MED_13,bar,concert,80s,80s
2,20,0.16281540785544574,False,False,False,dc_dx_dg,80s_MED_08,Ele_LOW_09,bar,concert,80s,Ele
2,21,0.17561386080766403,False,False,False,dc_dx_dg,80s_MED_08,Ele_LOW_14,bar,concert,80s,Ele
2,22,0.14427243862134234,False,False,False,dc_dx_dg,80s_MED_08,Ele_MED_19,bar,concert,80s,Ele
2,23,0.10751114389121307,False,False,False,dc_dx_dg,80s_MED_08,Ele_MED_20,bar,concert,80s,Ele
2,24,0.1704858017864046,False,False,False,dc_dx_dg,80s_MED_08,Jaz_LOW_19,bar,concert,80s,Jaz
2,25,0.22467619276930703,False,False,False,dc_dx_dg,80s_MED_08,Jaz_LOW_21,bar,concert,80s,Jaz
2,26,0.13895185418615183,False,False,False,dc_dx_dg,80s_MED_08,Jaz_MED_02,bar,concert,80s,Jaz
2,27,0.17163049837588118,False,False,False,dc_dx_dg,80s_MED_08,Jaz_MED_07,bar,concert,80s,Jaz
2,28,0.1313852705307059,False,False,False,dc_dx_dg,80s_MED_08,Met_LOW_09,bar,concert,80s,Met
2,29,0.15242243362942381,False,False,False,dc_dx_dg,80s_MED_08,Met_LOW_14,bar,concert,80s,Met
2,30,0.13009854304923385,False,False,False,dc_dx_dg,80s_MED_08,Met_MED_19,bar,concert,80s,Met
2,31,0.1804119584515103,False,False,False,dc_dx_dg,80s_MED_08,Met_MED_20,bar,concert,80s,Met
2,32,0.13451961443853716,False,False,True,dc_dx_SG,80s_MED_08,80s_LOW_02,bar,movie,80s,80s
2,33,0.20102968378521063,False,False,True,dc_dx_SG,80s_MED_08,80s_LOW_06,bar,movie,80s,80s
2,34,0.17782076237197947,True,False,True,SC_dx,80s_MED_08,80s_MED_08,bar,movie,80s,80s
2,35,0.175021407251993,False,False,True,dc_dx_SG,80s_MED_08,80s_MED_13,bar,movie,80s,80s
2,36,0.13072805551357158,False,False,False,dc_dx_dg,80s_MED_08,Ele_LOW_09,bar,movie,80s,Ele
2,37,0.1716064701111029,False,False,False,dc_dx_dg,80s_MED_08,Ele_LOW_14,bar,movie,80s,Ele
2,38,0.1474587409327801,False,False,False,dc_dx_dg,80s_MED_08,Ele_MED_19,bar,movie,80s,Ele
2,39,0.15568344419124455,False,False,False,dc_dx_dg,80s_MED_08,Ele_MED_20,bar,movie,80s,Ele
2,40,0.17720979911902654,False,False,False,dc_dx_dg,80s_MED_08,Jaz_LOW_19,bar,movie,80s,Jaz
2,41,0.1519041177400435,False,False,False,dc_dx_dg,80s_MED_08,Jaz_LOW_21,bar,movie,80s,Jaz
2,42,0.1746716704901773,False,False,False,dc_dx_dg,80s_MED_08,Jaz_MED_02,bar,movie,80s,Jaz
2,43,0.15885757014516044,False,False,False,dc_dx_dg,80s_MED_08,Jaz_MED_07,bar,movie,80s,Jaz
2,44,0.10417799568066916,False,False,False,dc_dx_dg,80s_MED_08,Met_LOW_09,bar,movie,80s,Met
2,45,0.12080068063095799,False,False,False,dc_dx_dg,80s_MED_08,Met_LOW_14,bar,movie,80s,Met
2,46,0.15935564619573,False,False,False,dc_dx_dg,80s_MED_08,Met_MED_19,bar,movie,80s,Met
2,47,0.1759053291903911,False,False,False,dc_dx_dg,80s_MED_08,Met_MED_20,bar,movie,80s,Met
2,48,0.13142892750927573,False,False,True,dc_dx_SG,80s_MED_08,80s_LOW_02,bar,videogame,80s,80s
2,49,0.19494665924287274,False,False,True,dc_dx_SG,80s_MED_08,80s_LOW_06,bar,videogame,80s,80s
2,50,0.18470766994008997,True,False,True,SC_dx,80s_MED_08,80s_MED_08,bar,videogame,80s,80s
2,51,0.1757452406771973,False,False,True,dc_dx_SG,80s_MED_08,80s_MED_13,bar,videogame,80s,80s
2,52,0.13210448907372205,False,False,False,dc_dx_dg,80s_MED_08,Ele_LOW_09,bar,videogame,80s,Ele
2,53,0.11928458410225136,False,False,False,dc_dx_dg,80s_MED_08,Ele_LOW_14,bar,videogame,80s,Ele
2,54,0.1735732667041445,False,False,False,dc_dx_dg,80s_MED_08,Ele_MED_19,bar,videogame,80s,Ele
2,55,0.09129268509383996,False,False,False,dc_dx_dg,80s_MED_08,Ele_MED_20,bar,videogame,80s,Ele
2,56,0.12285662500083112,False,False,False,dc_dx_dg,80s_MED_08,Jaz_LOW_19,bar,videogame,80s,Jaz
2,57,0.19636158655188227,False,False,False,dc_dx_dg,80s_MED_08,Jaz_LOW_21,bar,videogame,80s,Jaz
2,58,0.17318688964161105,False,False,False,dc_dx_dg,80s_MED_08,Jaz_MED_02,bar,videogame,80s,Jaz
2,59,0.16597307289145724,False,False,False,dc_dx_dg,80s_MED_08,Jaz_MED_07,bar,videogame,80s,Jaz
2,60,0.1146346433791254,False,False,False,dc_dx_dg,80s_MED_08,Met_LOW_09,bar,videogame,80s,Met
2,61,0.12392984885006934,False,False,False,dc_dx_dg,80s_MED_08,Met_LOW_14,bar,videogame,80s,Met
2,62,0.11185926220331287,False,False,False,dc_dx_dg,80s_MED_08,Met_MED_19,bar,videogame,80s,Met
2,63,0.09558696332339084,False,False,False,dc_dx_dg,80s_MED_08,Met_MED_20,bar,videogame,80s,Met
3,4,0.14726661469904653,False,True,False,dc_SX_dg,80s_MED_13,Ele_LOW_09,bar,bar,80s,Ele
3,5,0.1167242277630122,False,True,False,dc_SX_dg,80s_MED_13,Ele_LOW_14,bar,bar,80s,Ele
3,6,0.15028656876240615,False,True,False,dc_SX_dg,80s_MED_13,Ele_MED_19,bar,bar,80s,Ele
3,7,0.11890758749184402,False,True,False,dc_SX_dg,80s_MED_13,Ele_MED_20,bar,bar,80s,Ele
3,8,0.1841068052744979,False,True,False,dc_SX_dg,80s_MED_13,Jaz_LOW_19,bar,bar,80s,Jaz
3,9,0.12515615331826482,False,True,False,dc_SX_dg,80s_MED_13,Jaz_LOW_21,bar,bar,80s,Jaz
3,10,0.1418026190707059,False,True,False,dc_SX_dg,80s_MED_13,Jaz_MED_02,bar,bar,80s,Jaz
3,11,0.16022531165143775,False,True,False,dc_SX_dg,80s_MED_13,Jaz_MED_07,bar,bar,80s,Jaz
3,12,0.10342266856791657,False,True,False,dc_SX_dg,80s_MED_13,Met_LOW_09,bar,bar,80s,Met
3,13,0.13720848870088892,False,True,False,dc_SX_dg,80s_MED_13,Met_LOW_14,bar,bar,80s,Met
3,14,0.11670679639568846,False,True,False,dc_SX_dg,80s_MED_13,Met_MED_19,bar,bar,80s,Met
3,15,0.1577925914005833,False,True,False,dc_SX_dg,80s_MED_13,Met_MED_20,bar,bar,80s,Met
3,16,0.12826660858216535,False,False,True,dc_dx_SG,80s_MED_13,80s_LOW_02,bar,concert,80s,80s
3,17,0.15271323165416795,False,False,True,dc_dx_SG,80s_MED_13,80s_LOW_06,bar,concert,80s,80s
3,18,0.16978413111420415,False,False,True,dc_dx_SG,80s_MED_13,80s_MED_08,bar,concert,80s,80s
3,19,0.1932129308504835,True,False,True,SC_dx,80s_MED_13,80s_MED_13,bar,concert,80s,80s
3,20,0.14378801551296724,False,False,False,dc_dx_dg,80s_MED_13,Ele_LOW_09,bar,concert,80s,Ele
3,21,0.1573288501800097,False,False,False,dc_dx_dg,80s_MED_13,Ele_LOW_14,bar,concert,80s,Ele
3,22,0.14727216367139018,False,False,False,dc_dx_dg,80s_MED_13,Ele_MED_19,bar,concert,80s,Ele
3,23,0.09353113085939316,False,False,False,dc_dx_dg,80s_MED_13,Ele_MED_20,bar,concert,80s,Ele
3,24,0.11925815785480896,False,False,False,dc_dx_dg,80s_MED_13,Jaz_LOW_19,bar,concert,80s,Jaz
3,25,0.11372863547327255,False,False,False,dc_dx_dg,80s_MED_13,Jaz_LOW_21,bar,concert,80s,Jaz
3,26,0.12094695160427128,False,False,False,dc_dx_dg,80s_MED_13,Jaz_MED_02,bar,concert,80s,Jaz
3,27,0.13280231193117442,False,False,False,dc_dx_dg,80s_MED_13,Jaz_MED_07,bar,concert,80s,Jaz
3,28,0.11558833629932738,False,False,False,dc_dx_dg,80s_MED_13,Met_LOW_09,bar,concert,80s,Met
3,29,0.10886502751594705,False,False,False,dc_dx_dg,80s_MED_13,Met_LOW_14,bar,concert,80s,Met
3,30,0.11137059424098363,False,False,False,dc_dx_dg,80s_MED_13,Met_MED_19,bar,concert,80s,Met
3,31,0.15138750552871041,False,False,False,dc_dx_dg,80s_MED_13,Met_MED_20,bar,concert,80s,Met
3,32,0.13962020535162936,False,False,True,dc_dx_SG,80s_MED_13,80s_LOW_02,bar,movie,80s,80s
3,33,0.16613341591523853,False,False,True,dc_dx_SG,80s_MED_13,80s_LOW_06,bar,movie,80s,80s
3,34,0.14821127752818383,False,False,True,dc_dx_SG,80s_MED_13,80s_MED_08,bar,movie,80s,80s
3,35,0.17250025220153462,True,False,True,SC_dx,80s_MED_13,80s_MED_13,bar,movie,80s,80s
3,36,0.14069424891061286,False,False,False,dc_dx_dg,80s_MED_13,Ele_LOW_09,bar,movie,80s,Ele
3,37,0.1467761344788087,False,False,False,dc_dx_dg,80s_MED_13,Ele_LOW_14,bar,movie,80s,Ele
3,38,0.15138218902427392,False,False,False,dc_dx_dg,80s_MED_13,Ele_MED_19,bar,movie,80s,Ele
3,39,0.10912724532104998,False,False,False,dc_dx_dg,80s_MED_13,Ele_MED_20,bar,movie,80s,Ele
3,40,0.17421288601171175,False,False,False,dc_dx_dg,80s_MED_13,Jaz_LOW_19,bar,movie,80s,Jaz
3,41,0.1286444340521268,False,False,False,dc_dx_dg,80s_MED_13,Jaz_LOW_21,bar,movie,80s,Jaz
3,42,0.16338013213098063,False,False,False,dc_dx_dg,80s_MED_13,Jaz_MED_02,bar,movie,80s,Jaz
3,43,0.15118456096630145,False,False,False,dc_dx_dg,80s_MED_13,Jaz_MED_07,bar,movie,80s,Jaz
3,44,0.09591461943002864,False,False,False,dc_dx_dg,80s_MED_13,Met_LOW_09,bar,movie,80s,Met
3,45,0.1101589011332915,False,False,False,dc_dx_dg,80s_MED_13,Met_LOW_14,bar,movie,80s,Met
3,46,0.11751308053089121,False,False,False,dc_dx_dg,80s_MED_13,Met_MED_19,bar,movie,80s,Met
3,47,0.13299742812466858,False,False,False,dc_dx_dg,80s_MED_13,Met_MED_20,bar,movie,80s,Met
3,48,0.13669849052721936,False,False,True,dc_dx_SG,80s_MED_13,80s_LOW_02,bar,videogame,80s,80s
3,49,0.1349985934037064,False,False,True,dc_dx_SG,80s_MED_13,80s_LOW_06,bar,videogame,80s,80s
3,50,0.12050374236478942,False,False,True,dc_dx_SG,80s_MED_13,80s_MED_08,bar,videogame,80s,80s
3,51,0.18424361389051186,True,False,True,SC_dx,80s_MED_13,80s_MED_13,bar,videogame,80s,80s
3,52,0.12624859437172184,False,False,False,dc_dx_dg,80s_MED_13,Ele_LOW_09,bar,videogame,80s,Ele
3,53,0.11357580787993019,False,False,False,dc_dx_dg,80s_MED_13,Ele_LOW_14,bar,videogame,80s,Ele
3,54,0.1457232185704031,False,False,False,dc_dx_dg,80s_MED_13,Ele_MED_19,bar,videogame,80s,Ele
3,55,0.13541809413739483,False,False,False,dc_dx_dg,80s_MED_13,Ele_MED_20,bar,videogame,80s,Ele
3,56,0.13516890772672183,False,False,False,dc_dx_dg,80s_MED_13,Jaz_LOW_19,bar,videogame,80s,Jaz
3,57,0.13289891575090845,False,False,False,dc_dx_dg,80s_MED_13,Jaz_LOW_21,bar,videogame,80s,Jaz
3,58,0.14802312747716004,False,False,False,dc_dx_dg,80s_MED_13,Jaz_MED_02,bar,videogame,80s,Jaz
3,59,0.15207821742129954,False,False,False,dc_dx_dg,80s_MED_13,Jaz_MED_07,bar,videogame,80s,Jaz
3,60,0.1477547897965727,False,False,False,dc_dx_dg,80s_MED_13,Met_LOW_09,bar,videogame,80s,Met
3,61,0.10171983535795641,False,False,False,dc_dx_dg,80s_MED_13,Met_LOW_14,bar,videogame,80s,Met
3,62,0.10761020055670374,False,False,False,dc_dx_dg,80s_MED_13,Met_MED_19,bar,videogame,80s,Met
3,63,0.09506984158776371,False,False,False,dc_dx_dg,80s_MED_13,Met_MED_20,bar,videogame,80s,Met
4,5,0.1825653609133172,False,True,True,dc_SX_SG,Ele_LOW_09,Ele_LOW_14,bar,bar,Ele,Ele
4,6,0.15888207851826555,False,True,True,dc_SX_SG,Ele_LOW_09,Ele_MED_19,bar,bar,Ele,Ele
4,7,0.13827331990132175,False,True,True,dc_SX_SG,Ele_LOW_09,Ele_MED_20,bar,bar,Ele,Ele
4,8,0.1614737810080219,False,True,False,dc_SX_dg,Ele_LOW_09,Jaz_LOW_19,bar,bar,Ele,Jaz
4,9,0.17229548603584338,False,True,False,dc_SX_dg,Ele_LOW_09,Jaz_LOW_21,bar,bar,Ele,Jaz
4,10,0.11377011107166154,False,True,False,dc_SX_dg,Ele_LOW_09,Jaz_MED_02,bar,bar,Ele,Jaz
4,11,0.12832661890481928,False,True,False,dc_SX_dg,Ele_LOW_09,Jaz_MED_07,bar,bar,Ele,Jaz
4,12,0.15008737472487962,False,True,False,dc_SX_dg,Ele_LOW_09,Met_LOW_09,bar,bar,Ele,Met
4,13,0.17835403702892602,False,True,False,dc_SX_dg,Ele_LOW_09,Met_LOW_14,bar,bar,Ele,Met
4,14,0.16461337426545883,False,True,False,dc_SX_dg,Ele_LOW_09,Met_MED_19,bar,bar,Ele,Met
4,15,0.18253675990168314,False,True,False,dc_SX_dg,Ele_LOW_09,Met_MED_20,bar,bar,Ele,Met
4,16,0.13180517169744477,False,False,False,dc_dx_dg,Ele_LOW_09,80s_LOW_02,bar,concert,Ele,80s
4,17,0.15533288209607418,False,False,False,dc_dx_dg,Ele_LOW_09,80s_LOW_06,bar,concert,Ele,80s
4,18,0.13986040239406428,False,False,False,dc_dx_dg,Ele_LOW_09,80s_MED_08,bar,concert,Ele,80s
4,19,0.13138201636210936,False,False,False,dc_dx_dg,Ele_LOW_09,80s_MED_13,bar,concert,Ele,80s
4,20,0.25206817688858835,True,False,True,SC_dx,Ele_LOW_09,Ele_LOW_09,bar,concert,Ele,Ele
4,21,0.22772737796834255,False,False,True,dc_dx_SG,Ele_LOW_09,Ele_LOW_14,bar,concert,Ele,Ele
4,22,0.15657657335105207,False,False,True,dc_dx_SG,Ele_LOW_09,Ele_MED_19,bar,concert,Ele,Ele
4,23,0.14216359521407038,False,False,True,dc_dx_SG,Ele_LOW_09,Ele_MED_20,bar,concert,Ele,Ele
4,24,0.16140284059798868,False,False,False,dc_dx_dg,Ele_LOW_09,Jaz_LOW_19,bar,concert,Ele,Jaz
4,25,0.14468212849651504,False,False,False,dc_dx_dg,Ele_LOW_09,Jaz_LOW_21,bar,concert,Ele,Jaz
4,26,0.10766021238006253,False,False,False,dc_dx_dg,Ele_LOW_09,Jaz_MED_02,bar,concert,Ele,Jaz
4,27,0.11918816214722809,False,False,False,dc_dx_dg,Ele_LOW_09,Jaz_MED_07,bar,concert,Ele,Jaz
4,28,0.16342056159978363,False,False,False,dc_dx_dg,Ele_LOW_09,Met_LOW_09,bar,concert,Ele,Met
4,29,0.1598387196357004,False,False,False,dc_dx_dg,Ele_LOW_09,Met_LOW_14,bar,concert,Ele,Met
4,30,0.14790599680724753,False,False,False,dc_dx_dg,Ele_LOW_09,Met_MED_19,bar,concert,Ele,Met
4,31,0.19961679070113103,False,False,False,dc_dx_dg,Ele_LOW_09,Met_MED_20,bar,concert,Ele,Met
4,32,0.10129959431383011,False,False,False,dc_dx_dg,Ele_LOW_09,80s_LOW_02,bar,movie,Ele,80s
4,33,0.1669984149302203,False,False,False,dc_dx_dg,Ele_LOW_09,80s_LOW_06,bar,movie,Ele,80s
4,34,0.11634773778923622,False,False,False,dc_dx_dg,Ele_LOW_09,80s_MED_08,bar,movie,Ele,80s
4,35,0.12924919553307046,False,False,False,dc_dx_dg,Ele_LOW_09,80s_MED_13,bar,movie,Ele,80s
4,36,0.20839479526434265,True,False,True,SC_dx,Ele_LOW_09,Ele_LOW_09,bar,movie,Ele,Ele
4,37,0.16137202216103527,False,False,True,dc_dx_SG,Ele_LOW_09,Ele_LOW_14,bar,movie,Ele,Ele
4,38,0.13813114823111472,False,False,True,dc_dx_SG,Ele_LOW_09,Ele_MED_19,bar,movie,Ele,Ele
4,39,0.15768824901527076,False,False,True,dc_dx_SG,Ele_LOW_09,Ele_MED_20,bar,movie,Ele,Ele
4,40,0.15813431431623434,False,False,False,dc_dx_dg,Ele_LOW_09,Jaz_LOW_19,bar,movie,Ele,Jaz
4,41,0.11376941543372578,False,False,False,dc_dx_dg,Ele_LOW_09,Jaz_LOW_21,bar,movie,Ele,Jaz
4,42,0.1364554707144204,False,False,False,dc_dx_dg,Ele_LOW_09,Jaz_MED_02,bar,movie,Ele,Jaz
4,43,0.10646102206911118,False,False,False,dc_dx_dg,Ele_LOW_09,Jaz_MED_07,bar,movie,Ele,Jaz
4,44,0.14303345072308982,False,False,False,dc_dx_dg,Ele_LOW_09,Met_LOW_09,bar,movie,Ele,Met
4,45,0.17275199018259557,False,False,False,dc_dx_dg,Ele_LOW_09,Met_LOW_14,bar,movie,Ele,Met
4,46,0.21376997531495964,False,False,False,dc_dx_dg,Ele_LOW_09,Met_MED_19,bar,movie,Ele,Met
4,47,0.17424026603315554,False,False,False,dc_dx_dg,Ele_LOW_09,Met_MED_20,bar,movie,Ele,Met
4,48,0.1330728738668997,False,False,False,dc_dx_dg,Ele_LOW_09,80s_LOW_02,bar,videogame,Ele,80s
4,49,0.16364180477420065,False,False,False,dc_dx_dg,Ele_LOW_09,80s_LOW_06,bar,videogame,Ele,80s
4,50,0.11248446377917748,False,False,False,dc_dx_dg,Ele_LOW_09,80s_MED_08,bar,videogame,Ele,80s
4,51,0.15605386767675972,False,False,False,dc_dx_dg,Ele_LOW_09,80s_MED_13,bar,videogame,Ele,80s
4,52,0.2543847940393,True,False,True,SC_dx,Ele_LOW_09,Ele_LOW_09,bar,videogame,Ele,Ele
4,53,0.17951642076926227,False,False,True,dc_dx_SG,Ele_LOW_09,Ele_LOW_14,bar,videogame,Ele,Ele
4,54,0.14616717412639202,False,False,True,dc_dx_SG,Ele_LOW_09,Ele_MED_19,bar,videogame,Ele,Ele
4,55,0.11935334868203544,False,False,True,dc_dx_SG,Ele_LOW_09,Ele_MED_20,bar,videogame,Ele,Ele
4,56,0.1344116976726086,False,False,False,dc_dx_dg,Ele_LOW_09,Jaz_LOW_19,bar,videogame,Ele,Jaz
4,57,0.13147660839849287,False,False,False,dc_dx_dg,Ele_LOW_09,Jaz_LOW_21,bar,videogame,Ele,Jaz
4,58,0.12235665049903617,False,False,False,dc_dx_dg,Ele_LOW_09,Jaz_MED_02,bar,videogame,Ele,Jaz
4,59,0.11852487174543869,False,False,False,dc_dx_dg,Ele_LOW_09,Jaz_MED_07,bar,videogame,Ele,Jaz
4,60,0.16462542408409958,False,False,False,dc_dx_dg,Ele_LOW_09,Met_LOW_09,bar,videogame,Ele,Met
4,61,0.13998976336175153,False,False,False,dc_dx_dg,Ele_LOW_09,Met_LOW_14,bar,videogame,Ele,Met
4,62,0.1791429166713158,False,False,False,dc_dx_dg,Ele_LOW_09,Met_MED_19,bar,videogame,Ele,Met
4,63,0.1428673442686093,False,False,False,dc_dx_dg,Ele_LOW_09,Met_MED_20,bar,videogame,Ele,Met
5,6,0.1400753793792124,False,True,True,dc_SX_SG,Ele_LOW_14,Ele_MED_19,bar,bar,Ele,Ele
5,7,0.12945632824331457,False,True,True,dc_SX_SG,Ele_LOW_14,Ele_MED_20,bar,bar,Ele,Ele
5,8,0.16309242803491816,False,True,False,dc_SX_dg,Ele_LOW_14,Jaz_LOW_19,bar,bar,Ele,Jaz
5,9,0.13503977643266446,False,True,False,dc_SX_dg,Ele_LOW_14,Jaz_LOW_21,bar,bar,Ele,Jaz
5,10,0.14627854168101181,False,True,False,dc_SX_dg,Ele_LOW_14,Jaz_MED_02,bar,bar,Ele,Jaz
5,11,0.14226841640297436,False,True,False,dc_SX_dg,Ele_LOW_14,Jaz_MED_07,bar,bar,Ele,Jaz
5,12,0.13970130281435328,False,True,False,dc_SX_dg,Ele_LOW_14,Met_LOW_09,bar,bar,Ele,Met
5,13,0.14021448572336326,False,True,False,dc_SX_dg,Ele_LOW_14,Met_LOW_14,bar,bar,Ele,Met
5,14,0.172805341232519,False,True,False,dc_SX_dg,Ele_LOW_14,Met_MED_19,bar,bar,Ele,Met
5,15,0.12435327823492427,False,True,False,dc_SX_dg,Ele_LOW_14,Met_MED_20,bar,bar,Ele,Met
5,16,0.12648168083733521,False,False,False,dc_dx_dg,Ele_LOW_14,80s_LOW_02,bar,concert,Ele,80s
5,17,0.1678518901531877,False,False,False,dc_dx_dg,Ele_LOW_14,80s_LOW_06,bar,concert,Ele,80s
5,18,0.14551870233989675,False,False,False,dc_dx_dg,Ele_LOW_14,80s_MED_08,bar,concert,Ele,80s
5,19,0.11211100921378629,False,False,False,dc_dx_dg,Ele_LOW_14,80s_MED_13,bar,concert,Ele,80s
5,20,0.22575862230680424,False,False,True,dc_dx_SG,Ele_LOW_14,Ele_LOW_09,bar,concert,Ele,Ele
5,21,0.32064519763873256,True,False,True,SC_dx,Ele_LOW_14,Ele_LOW_14,bar,concert,Ele,Ele
5,22,0.16658471061322452,False,False,True,dc_dx_SG,Ele_LOW_14,Ele_MED_19,bar,concert,Ele,Ele
5,23,0.12773485494015302,False,False,True,dc_dx_SG,Ele_LOW_14,Ele_MED_20,bar,concert,Ele,Ele
5,24,0.13843379006377746,False,False,False,dc_dx_dg,Ele_LOW_14,Jaz_LOW_19,bar,concert,Ele,Jaz
5,25,0.12762417337229787,False,False,False,dc_dx_dg,Ele_LOW_14,Jaz_LOW_21,bar,concert,Ele,Jaz
5,26,0.1409473470865122,False,False,False,dc_dx_dg,Ele_LOW_14,Jaz_MED_02,bar,concert,Ele,Jaz
5,27,0.144680833556017,False,False,False,dc_dx_dg,Ele_LOW_14,Jaz_MED_07,bar,concert,Ele,Jaz
5,28,0.1547284086600732,False,False,False,dc_dx_dg,Ele_LOW_14,Met_LOW_09,bar,concert,Ele,Met
5,29,0.17706343737264948,False,False,False,dc_dx_dg,Ele_LOW_14,Met_LOW_14,bar,concert,Ele,Met
5,30,0.12464821237207081,False,False,False,dc_dx_dg,Ele_LOW_14,Met_MED_19,bar,concert,Ele,Met
5,31,0.17293041937365872,False,False,False,dc_dx_dg,Ele_LOW_14,Met_MED_20,bar,concert,Ele,Met
5,32,0.12648018439191866,False,False,False,dc_dx_dg,Ele_LOW_14,80s_LOW_02,bar,movie,Ele,80s
5,33,0.11965814741950195,False,False,False,dc_dx_dg,Ele_LOW_14,80s_LOW_06,bar,movie,Ele,80s
5,34,0.11574879069543899,False,False,False,dc_dx_dg,Ele_LOW_14,80s_MED_08,bar,movie,Ele,80s
5,35,0.10088027289234708,False,False,False,dc_dx_dg,Ele_LOW_14,80s_MED_13,bar,movie,Ele,80s
5,36,0.1683188717573294,False,False,True,dc_dx_SG,Ele_LOW_14,Ele_LOW_09,bar,movie,Ele,Ele
5,37,0.19605558232892684,True,False,True,SC_dx,Ele_LOW_14,Ele_LOW_14,bar,movie,Ele,Ele
5,38,0.15647324015116623,False,False,True,dc_dx_SG,Ele_LOW_14,Ele_MED_19,bar,movie,Ele,Ele
5,39,0.11777330554955176,False,False,True,dc_dx_SG,Ele_LOW_14,Ele_MED_20,bar,movie,Ele,Ele
5,40,0.1632485431863903,False,False,False,dc_dx_dg,Ele_LOW_14,Jaz_LOW_19,bar,movie,Ele,Jaz
5,41,0.1258983761979151,False,False,False,dc_dx_dg,Ele_LOW_14,Jaz_LOW_21,bar,movie,Ele,Jaz
5,42,0.1354709030475329,False,False,False,dc_dx_dg,Ele_LOW_14,Jaz_MED_02,bar,movie,Ele,Jaz
5,43,0.11492287295225855,False,False,False,dc_dx_dg,Ele_LOW_14,Jaz_MED_07,bar,movie,Ele,Jaz
5,44,0.09358141684592781,False,False,False,dc_dx_dg,Ele_LOW_14,Met_LOW_09,bar,movie,Ele,Met
5,45,0.14047718851240315,False,False,False,dc_dx_dg,Ele_LOW_14,Met_LOW_14,bar,movie,Ele,Met
5,46,0.12915769497873764,False,False,False,dc_dx_dg,Ele_LOW_14,Met_MED_19,bar,movie,Ele,Met
5,47,0.14659026308967626,False,False,False,dc_dx_dg,Ele_LOW_14,Met_MED_20,bar,movie,Ele,Met
5,48,0.13572411158473152,False,False,False,dc_dx_dg,Ele_LOW_14,80s_LOW_02,bar,videogame,Ele,80s
5,49,0.1558631056409596,False,False,False,dc_dx_dg,Ele_LOW_14,80s_LOW_06,bar,videogame,Ele,80s
5,50,0.1483992934332207,False,False,False,dc_dx_dg,Ele_LOW_14,80s_MED_08,bar,videogame,Ele,80s
5,51,0.17658893423444863,False,False,False,dc_dx_dg,Ele_LOW_14,80s_MED_13,bar,videogame,Ele,80s
5,52,0.24189435341210141,False,False,True,dc_dx_SG,Ele_LOW_14,Ele_LOW_09,bar,videogame,Ele,Ele
5,53,0.2275802960924253,True,False,True,SC_dx,Ele_LOW_14,Ele_LOW_14,bar,videogame,Ele,Ele
5,54,0.11194464683241634,False,False,True,dc_dx_SG,Ele_LOW_14,Ele_MED_19,bar,videogame,Ele,Ele
5,55,0.11584072469837384,False,False,True,dc_dx_SG,Ele_LOW_14,Ele_MED_20,bar,videogame,Ele,Ele
5,56,0.1301231315655358,False,False,False,dc_dx_dg,Ele_LOW_14,Jaz_LOW_19,bar,videogame,Ele,Jaz
5,57,0.10836790845622304,False,False,False,dc_dx_dg,Ele_LOW_14,Jaz_LOW_21,bar,videogame,Ele,Jaz
5,58,0.12377047822340825,False,False,False,dc_dx_dg,Ele_LOW_14,Jaz_MED_02,bar,videogame,Ele,Jaz
5,59,0.13461651455921947,False,False,False,dc_dx_dg,Ele_LOW_14,Jaz_MED_07,bar,videogame,Ele,Jaz
5,60,0.16119035883861543,False,False,False,dc_dx_dg,Ele_LOW_14,Met_LOW_09,bar,videogame,Ele,Met
5,61,0.11520989290782413,False,False,False,dc_dx_dg,Ele_LOW_14,Met_LOW_14,bar,videogame,Ele,Met
5,62,0.10923311372359241,False,False,False,dc_dx_dg,Ele_LOW_14,Met_MED_19,bar,videogame,Ele,Met
5,63,0.09719599189929282,False,False,False,dc_dx_dg,Ele_LOW_14,Met_MED_20,bar,videogame,Ele,Met
6,7,0.15594596570455513,False,True,True,dc_SX_SG,Ele_MED_19,Ele_MED_20,bar,bar,Ele,Ele
6,8,0.1386599101790094,False,True,False,dc_SX_dg,Ele_MED_19,Jaz_LOW_19,bar,bar,Ele,Jaz
6,9,0.14525877016552732,False,True,False,dc_SX_dg,Ele_MED_19,Jaz_LOW_21,bar,bar,Ele,Jaz
6,10,0.16815335233585477,False,True,False,dc_SX_dg,Ele_MED_19,Jaz_MED_02,bar,bar,Ele,Jaz
6,11,0.1838813975186831,False,True,False,dc_SX_dg,Ele_MED_19,Jaz_MED_07,bar,bar,Ele,Jaz
6,12,0.11683894860891868,False,True,False,dc_SX_dg,Ele_MED_19,Met_LOW_09,bar,bar,Ele,Met
6,13,0.16027778249847818,False,True,False,dc_SX_dg,Ele_MED_19,Met_LOW_14,bar,bar,Ele,Met
6,14,0.143100484500296,False,True,False,dc_SX_dg,Ele_MED_19,Met_MED_19,bar,bar,Ele,Met
6,15,0.11609376018128596,False,True,False,dc_SX_dg,Ele_MED_19,Met_MED_20,bar,bar,Ele,Met
6,16,0.1442138146751232,False,False,False,dc_dx_dg,Ele_MED_19,80s_LOW_02,bar,concert,Ele,80s
6,17,0.16117617009316307,False,False,False,dc_dx_dg,Ele_MED_19,80s_LOW_06,bar,concert,Ele,80s
6,18,0.13065967197913278,False,False,False,dc_dx_dg,Ele_MED_19,80s_MED_08,bar,concert,Ele,80s
6,19,0.13785957156446313,False,False,False,dc_dx_dg,Ele_MED_19,80s_MED_13,bar,concert,Ele,80s
6,20,0.12357799059681064,False,False,True,dc_dx_SG,Ele_MED_19,Ele_LOW_09,bar,concert,Ele,Ele
6,21,0.14923942074574342,False,False,True,dc_dx_SG,Ele_MED_19,Ele_LOW_14,bar,concert,Ele,Ele
6,22,0.18416220779767908,True,False,True,SC_dx,Ele_MED_19,Ele_MED_19,bar,concert,Ele,Ele
6,23,0.12449095414296528,False,False,True,dc_dx_SG,Ele_MED_19,Ele_MED_20,bar,concert,Ele,Ele
6,24,0.14154686553264437,False,False,False,dc_dx_dg,Ele_MED_19,Jaz_LOW_19,bar,concert,Ele,Jaz
6,25,0.130627534455749,False,False,False,dc_dx_dg,Ele_MED_19,Jaz_LOW_21,bar,concert,Ele,Jaz
6,26,0.11565691006581752,False,False,False,dc_dx_dg,Ele_MED_19,Jaz_MED_02,bar,concert,Ele,Jaz
6,27,0.17113728799300895,False,False,False,dc_dx_dg,Ele_MED_19,Jaz_MED_07,bar,concert,Ele,Jaz
6,28,0.12057289909655251,False,False,False,dc_dx_dg,Ele_MED_19,Met_LOW_09,bar,concert,Ele,Met
6,29,0.13601500471197497,False,False,False,dc_dx_dg,Ele_MED_19,Met_LOW_14,bar,concert,Ele,Met
6,30,0.1012111429121038,False,False,False,dc_dx_dg,Ele_MED_19,Met_MED_19,bar,concert,Ele,Met
6,31,0.16730755979142228,False,False,False,dc_dx_dg,Ele_MED_19,Met_MED_20,bar,concert,Ele,Met
6,32,0.1570507753264332,False,False,False,dc_dx_dg,Ele_MED_19,80s_LOW_02,bar,movie,Ele,80s
6,33,0.13359929641004764,False,False,False,dc_dx_dg,Ele_MED_19,80s_LOW_06,bar,movie,Ele,80s
6,34,0.1361929321554412,False,False,False,dc_dx_dg,Ele_MED_19,80s_MED_08,bar,movie,Ele,80s
6,35,0.15616797358631437,False,False,False,dc_dx_dg,Ele_MED_19,80s_MED_13,bar,movie,Ele,80s
6,36,0.14347173994132115,False,False,True,dc_dx_SG,Ele_MED_19,Ele_LOW_09,bar,movie,Ele,Ele
6,37,0.11779360777119978,False,False,True,dc_dx_SG,Ele_MED_19,Ele_LOW_14,bar,movie,Ele,Ele
6,38,0.2105306671658876,True,False,True,SC_dx,Ele_MED_19,Ele_MED_19,bar,movie,Ele,Ele
6,39,0.14968455423672783,False,False,True,dc_dx_SG,Ele_MED_19,Ele_MED_20,bar,movie,Ele,Ele
6,40,0.17423266689263336,False,False,False,dc_dx_dg,Ele_MED_19,Jaz_LOW_19,bar,movie,Ele,Jaz
6,41,0.11967537960145012,False,False,False,dc_dx_dg,Ele_MED_19,Jaz_LOW_21,bar,movie,Ele,Jaz
6,42,0.1684423242303306,False,False,False,dc_dx_dg,Ele_MED_19,Jaz_MED_02,bar,movie,Ele,Jaz
6,43,0.1518789390108793,False,False,False,dc_dx_dg,Ele_MED_19,Jaz_MED_07,bar,movie,Ele,Jaz
6,44,0.10918971378535841,False,False,False,dc_dx_dg,Ele_MED_19,Met_LOW_09,bar,movie,Ele,Met
6,45,0.1184561962423432,False,False,False,dc_dx_dg,Ele_MED_19,Met_LOW_14,bar,movie,Ele,Met
6,46,0.13267525476913272,False,False,False,dc_dx_dg,Ele_MED_19,Met_MED_19,bar,movie,Ele,Met
6,47,0.12390506843659757,False,False,False,dc_dx_dg,Ele_MED_19,Met_MED_20,bar,movie,Ele,Met
6,48,0.14805653957153084,False,False,False,dc_dx_dg,Ele_MED_19,80s_LOW_02,bar,videogame,Ele,80s
6,49,0.12799032227463394,False,False,False,dc_dx_dg,Ele_MED_19,80s_LOW_06,bar,videogame,Ele,80s
6,50,0.12466729623160383,False,False,False,dc_dx_dg,Ele_MED_19,80s_MED_08,bar,videogame,Ele,80s
6,51,0.15748268065284673,False,False,False,dc_dx_dg,Ele_MED_19,80s_MED_13,bar,videogame,Ele,80s
6,52,0.13617416529723364,False,False,True,dc_dx_SG,Ele_MED_19,Ele_LOW_09,bar,videogame,Ele,Ele
6,53,0.1149349254551354,False,False,True,dc_dx_SG,Ele_MED_19,Ele_LOW_14,bar,videogame,Ele,Ele
6,54,0.19368326436164904,True,False,True,SC_dx,Ele_MED_19,Ele_MED_19,bar,videogame,Ele,Ele
6,55,0.1563492175426988,False,False,True,dc_dx_SG,Ele_MED_19,Ele_MED_20,bar,videogame,Ele,Ele
6,56,0.12466838121510403,False,False,False,dc_dx_dg,Ele_MED_19,Jaz_LOW_19,bar,videogame,Ele,Jaz
6,57,0.10696547057784493,False,False,False,dc_dx_dg,Ele_MED_19,Jaz_LOW_21,bar,videogame,Ele,Jaz
6,58,0.1522487903453007,False,False,False,dc_dx_dg,Ele_MED_19,Jaz_MED_02,bar,videogame,Ele,Jaz
6,59,0.170844687669044,False,False,False,dc_dx_dg,Ele_MED_19,Jaz_MED_07,bar,videogame,Ele,Jaz
6,60,0.11095225953302298,False,False,False,dc_dx_dg,Ele_MED_19,Met_LOW_09,bar,videogame,Ele,Met
6,61,0.07980176232328214,False,False,False,dc_dx_dg,Ele_MED_19,Met_LOW_14,bar,videogame,Ele,Met
6,62,0.09863016671378734,False,False,False,dc_dx_dg,Ele_MED_19,Met_MED_19,bar,videogame,Ele,Met
6,63,0.07786700488850958,False,False,False,dc_dx_dg,Ele_MED_19,Met_MED_20,bar,videogame,Ele,Met
7,8,0.14760021559441386,False,True,False,dc_SX_dg,Ele_MED_20,Jaz_LOW_19,bar,bar,Ele,Jaz
7,9,0.15867906569032328,False,True,False,dc_SX_dg,Ele_MED_20,Jaz_LOW_21,bar,bar,Ele,Jaz
7,10,0.1650426202384943,False,True,False,dc_SX_dg,Ele_MED_20,Jaz_MED_02,bar,bar,Ele,Jaz
7,11,0.17126883858896225,False,True,False,dc_SX_dg,Ele_MED_20,Jaz_MED_07,bar,bar,Ele,Jaz
7,12,0.14074434573890807,False,True,False,dc_SX_dg,Ele_MED_20,Met_LOW_09,bar,bar,Ele,Met
7,13,0.10030228863185016,False,True,False,dc_SX_dg,Ele_MED_20,Met_LOW_14,bar,bar,Ele,Met
7,14,0.14079914471837474,False,True,False,dc_SX_dg,Ele_MED_20,Met_MED_19,bar,bar,Ele,Met
7,15,0.11980701770203772,False,True,False,dc_SX_dg,Ele_MED_20,Met_MED_20,bar,bar,Ele,Met
7,16,0.16347098272093566,False,False,False,dc_dx_dg,Ele_MED_20,80s_LOW_02,bar,concert,Ele,80s
7,17,0.14188168725768036,False,False,False,dc_dx_dg,Ele_MED_20,80s_LOW_06,bar,concert,Ele,80s
7,18,0.11775379933101039,False,False,False,dc_dx_dg,Ele_MED_20,80s_MED_08,bar,concert,Ele,80s
7,19,0.15579758675432528,False,False,False,dc_dx_dg,Ele_MED_20,80s_MED_13,bar,concert,Ele,80s
7,20,0.11355827510941413,False,False,True,dc_dx_SG,Ele_MED_20,Ele_LOW_09,bar,concert,Ele,Ele
7,21,0.10248269054877902,False,False,True,dc_dx_SG,Ele_MED_20,Ele_LOW_14,bar,concert,Ele,Ele
7,22,0.15652233450086664,False,False,True,dc_dx_SG,Ele_MED_20,Ele_MED_19,bar,concert,Ele,Ele
7,23,0.18168577799613284,True,False,True,SC_dx,Ele_MED_20,Ele_MED_20,bar,concert,Ele,Ele
7,24,0.12692850780216683,False,False,False,dc_dx_dg,Ele_MED_20,Jaz_LOW_19,bar,concert,Ele,Jaz
7,25,0.1122443451004532,False,False,False,dc_dx_dg,Ele_MED_20,Jaz_LOW_21,bar,concert,Ele,Jaz
7,26,0.13262141842479883,False,False,False,dc_dx_dg,Ele_MED_20,Jaz_MED_02,bar,concert,Ele,Jaz
7,27,0.16838907851762647,False,False,False,dc_dx_dg,Ele_MED_20,Jaz_MED_07,bar,concert,Ele,Jaz
7,28,0.08801170280103107,False,False,False,dc_dx_dg,Ele_MED_20,Met_LOW_09,bar,concert,Ele,Met
7,29,0.11447085555807386,False,False,False,dc_dx_dg,Ele_MED_20,Met_LOW_14,bar,concert,Ele,Met
7,30,0.12737220163513507,False,False,False,dc_dx_dg,Ele_MED_20,Met_MED_19,bar,concert,Ele,Met
7,31,0.1329170583659974,False,False,False,dc_dx_dg,Ele_MED_20,Met_MED_20,bar,concert,Ele,Met
7,32,0.18516085217870404,False,False,False,dc_dx_dg,Ele_MED_20,80s_LOW_02,bar,movie,Ele,80s
7,33,0.12792100210596138,False,False,False,dc_dx_dg,Ele_MED_20,80s_LOW_06,bar,movie,Ele,80s
7,34,0.13978510583519255,False,False,False,dc_dx_dg,Ele_MED_20,80s_MED_08,bar,movie,Ele,80s
7,35,0.14113827221360947,False,False,False,dc_dx_dg,Ele_MED_20,80s_MED_13,bar,movie,Ele,80s
7,36,0.14335609866339377,False,False,True,dc_dx_SG,Ele_MED_20,Ele_LOW_09,bar,movie,Ele,Ele
7,37,0.11557074089565418,False,False,True,dc_dx_SG,Ele_MED_20,Ele_LOW_14,bar,movie,Ele,Ele
7,38,0.15936305018455965,False,False,True,dc_dx_SG,Ele_MED_20,Ele_MED_19,bar,movie,Ele,Ele
7,39,0.1935012959973138,True,False,True,SC_dx,Ele_MED_20,Ele_MED_20,bar,movie,Ele,Ele
7,40,0.13714606763015438,False,False,False,dc_dx_dg,Ele_MED_20,Jaz_LOW_19,bar,movie,Ele,Jaz
7,41,0.10826697143798586,False,False,False,dc_dx_dg,Ele_MED_20,Jaz_LOW_21,bar,movie,Ele,Jaz
7,42,0.14333856756828775,False,False,False,dc_dx_dg,Ele_MED_20,Jaz_MED_02,bar,movie,Ele,Jaz
7,43,0.1654515549790651,False,False,False,dc_dx_dg,Ele_MED_20,Jaz_MED_07,bar,movie,Ele,Jaz
7,44,0.08046180344984993,False,False,False,dc_dx_dg,Ele_MED_20,Met_LOW_09,bar,movie,Ele,Met
7,45,0.09680667663061526,False,False,False,dc_dx_dg,Ele_MED_20,Met_LOW_14,bar,movie,Ele,Met
7,46,0.11602474611594785,False,False,False,dc_dx_dg,Ele_MED_20,Met_MED_19,bar,movie,Ele,Met
7,47,0.1507041936268969,False,False,False,dc_dx_dg,Ele_MED_20,Met_MED_20,bar,movie,Ele,Met
7,48,0.16821161969635853,False,False,False,dc_dx_dg,Ele_MED_20,80s_LOW_02,bar,videogame,Ele,80s
7,49,0.13201067312023346,False,False,False,dc_dx_dg,Ele_MED_20,80s_LOW_06,bar,videogame,Ele,80s
7,50,0.1200283468439853,False,False,False,dc_dx_dg,Ele_MED_20,80s_MED_08,bar,videogame,Ele,80s
7,51,0.16938670945140982,False,False,False,dc_dx_dg,Ele_MED_20,80s_MED_13,bar,videogame,Ele,80s
7,52,0.10485018787511476,False,False,True,dc_dx_SG,Ele_MED_20,Ele_LOW_09,bar,videogame,Ele,Ele
7,53,0.09483913312239431,False,False,True,dc_dx_SG,Ele_MED_20,Ele_LOW_14,bar,videogame,Ele,Ele
7,54,0.14972944490643147,False,False,True,dc_dx_SG,Ele_MED_20,Ele_MED_19,bar,videogame,Ele,Ele
7,55,0.16060357995319152,True,False,True,SC_dx,Ele_MED_20,Ele_MED_20,bar,videogame,Ele,Ele
7,56,0.11172394541931989,False,False,False,dc_dx_dg,Ele_MED_20,Jaz_LOW_19,bar,videogame,Ele,Jaz
7,57,0.10012590142085442,False,False,False,dc_dx_dg,Ele_MED_20,Jaz_LOW_21,bar,videogame,Ele,Jaz
7,58,0.14777801222866568,False,False,False,dc_dx_dg,Ele_MED_20,Jaz_MED_02,bar,videogame,Ele,Jaz
7,59,0.1604385877421442,False,False,False,dc_dx_dg,Ele_MED_20,Jaz_MED_07,bar,videogame,Ele,Jaz
7,60,0.09158644765403773,False,False,False,dc_dx_dg,Ele_MED_20,Met_LOW_09,bar,videogame,Ele,Met
7,61,0.11006228718159235,False,False,False,dc_dx_dg,Ele_MED_20,Met_LOW_14,bar,videogame,Ele,Met
7,62,0.09333055985249997,False,False,False,dc_dx_dg,Ele_MED_20,Met_MED_19,bar,videogame,Ele,Met
7,63,0.08659970985235126,False,False,False,dc_dx_dg,Ele_MED_20,Met_MED_20,bar,videogame,Ele,Met
8,9,0.14941604812960968,False,True,True,dc_SX_SG,Jaz_LOW_19,Jaz_LOW_21,bar,bar,Jaz,Jaz
8,10,0.14857653422533892,False,True,True,dc_SX_SG,Jaz_LOW_19,Jaz_MED_02,bar,bar,Jaz,Jaz
8,11,0.18513848682942752,False,True,True,dc_SX_SG,Jaz_LOW_19,Jaz_MED_07,bar,bar,Jaz,Jaz
8,12,0.14740824775633474,False,True,False,dc_SX_dg,Jaz_LOW_19,Met_LOW_09,bar,bar,Jaz,Met
8,13,0.15000607570834376,False,True,False,dc_SX_dg,Jaz_LOW_19,Met_LOW_14,bar,bar,Jaz,Met
8,14,0.15418101493127148,False,True,False,dc_SX_dg,Jaz_LOW_19,Met_MED_19,bar,bar,Jaz,Met
8,15,0.16888715463461218,False,True,False,dc_SX_dg,Jaz_LOW_19,Met_MED_20,bar,bar,Jaz,Met
8,16,0.15140726194637114,False,False,False,dc_dx_dg,Jaz_LOW_19,80s_LOW_02,bar,concert,Jaz,80s
8,17,0.148346024920744,False,False,False,dc_dx_dg,Jaz_LOW_19,80s_LOW_06,bar,concert,Jaz,80s
8,18,0.13714349871273243,False,False,False,dc_dx_dg,Jaz_LOW_19,80s_MED_08,bar,concert,Jaz,80s
8,19,0.11310633921054493,False,False,False,dc_dx_dg,Jaz_LOW_19,80s_MED_13,bar,concert,Jaz,80s
8,20,0.160480902746922,False,False,False,dc_dx_dg,Jaz_LOW_19,Ele_LOW_09,bar,concert,Jaz,Ele
8,21,0.16451255671379705,False,False,False,dc_dx_dg,Jaz_LOW_19,Ele_LOW_14,bar,concert,Jaz,Ele
8,22,0.14283647015552428,False,False,False,dc_dx_dg,Jaz_LOW_19,Ele_MED_19,bar,concert,Jaz,Ele
8,23,0.09388921291046187,False,False,False,dc_dx_dg,Jaz_LOW_19,Ele_MED_20,bar,concert,Jaz,Ele
8,24,0.19004291710479643,True,False,True,SC_dx,Jaz_LOW_19,Jaz_LOW_19,bar,concert,Jaz,Jaz
8,25,0.1664922181779985,False,False,True,dc_dx_SG,Jaz_LOW_19,Jaz_LOW_21,bar,concert,Jaz,Jaz
8,26,0.12128550811831447,False,False,True,dc_dx_SG,Jaz_LOW_19,Jaz_MED_02,bar,concert,Jaz,Jaz
8,27,0.1713557670084506,False,False,True,dc_dx_SG,Jaz_LOW_19,Jaz_MED_07,bar,concert,Jaz,Jaz
8,28,0.12451238507102534,False,False,False,dc_dx_dg,Jaz_LOW_19,Met_LOW_09,bar,concert,Jaz,Met
8,29,0.13440943962118146,False,False,False,dc_dx_dg,Jaz_LOW_19,Met_LOW_14,bar,concert,Jaz,Met
8,30,0.1821448027498073,False,False,False,dc_dx_dg,Jaz_LOW_19,Met_MED_19,bar,concert,Jaz,Met
8,31,0.14108844905453324,False,False,False,dc_dx_dg,Jaz_LOW_19,Met_MED_20,bar,concert,Jaz,Met
8,32,0.13902405459791248,False,False,False,dc_dx_dg,Jaz_LOW_19,80s_LOW_02,bar,movie,Jaz,80s
8,33,0.16230169479413342,False,False,False,dc_dx_dg,Jaz_LOW_19,80s_LOW_06,bar,movie,Jaz,80s
8,34,0.1335444487674925,False,False,False,dc_dx_dg,Jaz_LOW_19,80s_MED_08,bar,movie,Jaz,80s
8,35,0.11571264705136051,False,False,False,dc_dx_dg,Jaz_LOW_19,80s_MED_13,bar,movie,Jaz,80s
8,36,0.16250467655623263,False,False,False,dc_dx_dg,Jaz_LOW_19,Ele_LOW_09,bar,movie,Jaz,Ele
8,37,0.18369540787102298,False,False,False,dc_dx_dg,Jaz_LOW_19,Ele_LOW_14,bar,movie,Jaz,Ele
8,38,0.14553507695802942,False,False,False,dc_dx_dg,Jaz_LOW_19,Ele_MED_19,bar,movie,Jaz,Ele
8,39,0.09429791154031886,False,False,False,dc_dx_dg,Jaz_LOW_19,Ele_MED_20,bar,movie,Jaz,Ele
8,40,0.24166299380751324,True,False,True,SC_dx,Jaz_LOW_19,Jaz_LOW_19,bar,movie,Jaz,Jaz
8,41,0.1415499928421886,False,False,True,dc_dx_SG,Jaz_LOW_19,Jaz_LOW_21,bar,movie,Jaz,Jaz
8,42,0.16654660070090668,False,False,True,dc_dx_SG,Jaz_LOW_19,Jaz_MED_02,bar,movie,Jaz,Jaz
8,43,0.16773466597988781,False,False,True,dc_dx_SG,Jaz_LOW_19,Jaz_MED_07,bar,movie,Jaz,Jaz
8,44,0.10331290174809088,False,False,False,dc_dx_dg,Jaz_LOW_19,Met_LOW_09,bar,movie,Jaz,Met
8,45,0.13942735723668873,False,False,False,dc_dx_dg,Jaz_LOW_19,Met_LOW_14,bar,movie,Jaz,Met
8,46,0.15586894974076212,False,False,False,dc_dx_dg,Jaz_LOW_19,Met_MED_19,bar,movie,Jaz,Met
8,47,0.12512982658982608,False,False,False,dc_dx_dg,Jaz_LOW_19,Met_MED_20,bar,movie,Jaz,Met
8,48,0.13014269991190763,False,False,False,dc_dx_dg,Jaz_LOW_19,80s_LOW_02,bar,videogame,Jaz,80s
8,49,0.1613561413591826,False,False,False,dc_dx_dg,Jaz_LOW_19,80s_LOW_06,bar,videogame,Jaz,80s
8,50,0.17254813247219314,False,False,False,dc_dx_dg,Jaz_LOW_19,80s_MED_08,bar,videogame,Jaz,80s
8,51,0.16579113293074943,False,False,False,dc_dx_dg,Jaz_LOW_19,80s_MED_13,bar,videogame,Jaz,80s
8,52,0.12395139722542602,False,False,False,dc_dx_dg,Jaz_LOW_19,Ele_LOW_09,bar,videogame,Jaz,Ele
8,53,0.16401535644647322,False,False,False,dc_dx_dg,Jaz_LOW_19,Ele_LOW_14,bar,videogame,Jaz,Ele
8,54,0.16083709739697438,False,False,False,dc_dx_dg,Jaz_LOW_19,Ele_MED_19,bar,videogame,Jaz,Ele
8,55,0.10677026718313494,False,False,False,dc_dx_dg,Jaz_LOW_19,Ele_MED_20,bar,videogame,Jaz,Ele
8,56,0.26869249569192105,True,False,True,SC_dx,Jaz_LOW_19,Jaz_LOW_19,bar,videogame,Jaz,Jaz
8,57,0.16973047360543603,False,False,True,dc_dx_SG,Jaz_LOW_19,Jaz_LOW_21,bar,videogame,Jaz,Jaz
8,58,0.16459098930176755,False,False,True,dc_dx_SG,Jaz_LOW_19,Jaz_MED_02,bar,videogame,Jaz,Jaz
8,59,0.1478627501087846,False,False,True,dc_dx_SG,Jaz_LOW_19,Jaz_MED_07,bar,videogame,Jaz,Jaz
8,60,0.1189547092027087,False,False,False,dc_dx_dg,Jaz_LOW_19,Met_LOW_09,bar,videogame,Jaz,Met
8,61,0.14262677165496945,False,False,False,dc_dx_dg,Jaz_LOW_19,Met_LOW_14,bar,videogame,Jaz,Met
8,62,0.1072440025508841,False,False,False,dc_dx_dg,Jaz_LOW_19,Met_MED_19,bar,videogame,Jaz,Met
8,63,0.09984845570313591,False,False,False,dc_dx_dg,Jaz_LOW_19,Met_MED_20,bar,videogame,Jaz,Met
9,10,0.20633049516959492,False,True,True,dc_SX_SG,Jaz_LOW_21,Jaz_MED_02,bar,bar,Jaz,Jaz
9,11,0.1847953946454454,False,True,True,dc_SX_SG,Jaz_LOW_21,Jaz_MED_07,bar,bar,Jaz,Jaz
9,12,0.15554635253413648,False,True,False,dc_SX_dg,Jaz_LOW_21,Met_LOW_09,bar,bar,Jaz,Met
9,13,0.12778962991196888,False,True,False,dc_SX_dg,Jaz_LOW_21,Met_LOW_14,bar,bar,Jaz,Met
9,14,0.14449754197276388,False,True,False,dc_SX_dg,Jaz_LOW_21,Met_MED_19,bar,bar,Jaz,Met
9,15,0.12799289910865935,False,True,False,dc_SX_dg,Jaz_LOW_21,Met_MED_20,bar,bar,Jaz,Met
9,16,0.14396081073925815,False,False,False,dc_dx_dg,Jaz_LOW_21,80s_LOW_02,bar,concert,Jaz,80s
9,17,0.1352622749836353,False,False,False,dc_dx_dg,Jaz_LOW_21,80s_LOW_06,bar,concert,Jaz,80s
9,18,0.14958961306580032,False,False,False,dc_dx_dg,Jaz_LOW_21,80s_MED_08,bar,concert,Jaz,80s
9,19,0.13129801631086338,False,False,False,dc_dx_dg,Jaz_LOW_21,80s_MED_13,bar,concert,Jaz,80s
9,20,0.1514849366952427,False,False,False,dc_dx_dg,Jaz_LOW_21,Ele_LOW_09,bar,concert,Jaz,Ele
9,21,0.14221757907792412,False,False,False,dc_dx_dg,Jaz_LOW_21,Ele_LOW_14,bar,concert,Jaz,Ele
9,22,0.13830032772357967,False,False,False,dc_dx_dg,Jaz_LOW_21,Ele_MED_19,bar,concert,Jaz,Ele
9,23,0.09314434682152854,False,False,False,dc_dx_dg,Jaz_LOW_21,Ele_MED_20,bar,concert,Jaz,Ele
9,24,0.16578959582912584,False,False,True,dc_dx_SG,Jaz_LOW_21,Jaz_LOW_19,bar,concert,Jaz,Jaz
9,25,0.2136830645277459,True,False,True,SC_dx,Jaz_LOW_21,Jaz_LOW_21,bar,concert,Jaz,Jaz
9,26,0.14344204066088526,False,False,True,dc_dx_SG,Jaz_LOW_21,Jaz_MED_02,bar,concert,Jaz,Jaz
9,27,0.16468305761348975,False,False,True,dc_dx_SG,Jaz_LOW_21,Jaz_MED_07,bar,concert,Jaz,Jaz
9,28,0.10142699178293495,False,False,False,dc_dx_dg,Jaz_LOW_21,Met_LOW_09,bar,concert,Jaz,Met
9,29,0.14672013164811,False,False,False,dc_dx_dg,Jaz_LOW_21,Met_LOW_14,bar,concert,Jaz,Met
9,30,0.1097069105018144,False,False,False,dc_dx_dg,Jaz_LOW_21,Met_MED_19,bar,concert,Jaz,Met
9,31,0.12928045966894697,False,False,False,dc_dx_dg,Jaz_LOW_21,Met_MED_20,bar,concert,Jaz,Met
9,32,0.1282222860781029,False,False,False,dc_dx_dg,Jaz_LOW_21,80s_LOW_02,bar,movie,Jaz,80s
9,33,0.15191375242028288,False,False,False,dc_dx_dg,Jaz_LOW_21,80s_LOW_06,bar,movie,Jaz,80s
9,34,0.1499623106243052,False,False,False,dc_dx_dg,Jaz_LOW_21,80s_MED_08,bar,movie,Jaz,80s
9,35,0.11753870141836514,False,False,False,dc_dx_dg,Jaz_LOW_21,80s_MED_13,bar,movie,Jaz,80s
9,36,0.12303681238792094,False,False,False,dc_dx_dg,Jaz_LOW_21,Ele_LOW_09,bar,movie,Jaz,Ele
9,37,0.12385359427866036,False,False,False,dc_dx_dg,Jaz_LOW_21,Ele_LOW_14,bar,movie,Jaz,Ele
9,38,0.13612302604070947,False,False,False,dc_dx_dg,Jaz_LOW_21,Ele_MED_19,bar,movie,Jaz,Ele
9,39,0.13853876274275997,False,False,False,dc_dx_dg,Jaz_LOW_21,Ele_MED_20,bar,movie,Jaz,Ele
9,40,0.15319930351529062,False,False,True,dc_dx_SG,Jaz_LOW_21,Jaz_LOW_19,bar,movie,Jaz,Jaz
9,41,0.17979753999436224,True,False,True,SC_dx,Jaz_LOW_21,Jaz_LOW_21,bar,movie,Jaz,Jaz
9,42,0.18624818851660893,False,False,True,dc_dx_SG,Jaz_LOW_21,Jaz_MED_02,bar,movie,Jaz,Jaz
9,43,0.1796280412185273,False,False,True,dc_dx_SG,Jaz_LOW_21,Jaz_MED_07,bar,movie,Jaz,Jaz
9,44,0.08342654486420494,False,False,False,dc_dx_dg,Jaz_LOW_21,Met_LOW_09,bar,movie,Jaz,Met
9,45,0.10981517744374708,False,False,False,dc_dx_dg,Jaz_LOW_21,Met_LOW_14,bar,movie,Jaz,Met
9,46,0.1455031787699464,False,False,False,dc_dx_dg,Jaz_LOW_21,Met_MED_19,bar,movie,Jaz,Met
9,47,0.15789176668747715,False,False,False,dc_dx_dg,Jaz_LOW_21,Met_MED_20,bar,movie,Jaz,Met
9,48,0.13897565769512482,False,False,False,dc_dx_dg,Jaz_LOW_21,80s_LOW_02,bar,videogame,Jaz,80s
9,49,0.16891373617212838,False,False,False,dc_dx_dg,Jaz_LOW_21,80s_LOW_06,bar,videogame,Jaz,80s
9,50,0.13460507673013936,False,False,False,dc_dx_dg,Jaz_LOW_21,80s_MED_08,bar,videogame,Jaz,80s
9,51,0.13030092326274673,False,False,False,dc_dx_dg,Jaz_LOW_21,80s_MED_13,bar,videogame,Jaz,80s
9,52,0.13609339256423633,False,False,False,dc_dx_dg,Jaz_LOW_21,Ele_LOW_09,bar,videogame,Jaz,Ele
9,53,0.09853766381278581,False,False,False,dc_dx_dg,Jaz_LOW_21,Ele_LOW_14,bar,videogame,Jaz,Ele
9,54,0.13123269212252234,False,False,False,dc_dx_dg,Jaz_LOW_21,Ele_MED_19,bar,videogame,Jaz,Ele
9,55,0.11079328617412124,False,False,False,dc_dx_dg,Jaz_LOW_21,Ele_MED_20,bar,videogame,Jaz,Ele
9,56,0.15440885023366419,False,False,True,dc_dx_SG,Jaz_LOW_21,Jaz_LOW_19,bar,videogame,Jaz,Jaz
9,57,0.2087328795687734,True,False,True,SC_dx,Jaz_LOW_21,Jaz_LOW_21,bar,videogame,Jaz,Jaz
9,58,0.1523763482379618,False,False,True,dc_dx_SG,Jaz_LOW_21,Jaz_MED_02,bar,videogame,Jaz,Jaz
9,59,0.20045218563154316,False,False,True,dc_dx_SG,Jaz_LOW_21,Jaz_MED_07,bar,videogame,Jaz,Jaz
9,60,0.10517771814412279,False,False,False,dc_dx_dg,Jaz_LOW_21,Met_LOW_09,bar,videogame,Jaz,Met
9,61,0.10866865457780961,False,False,False,dc_dx_dg,Jaz_LOW_21,Met_LOW_14,bar,videogame,Jaz,Met
9,62,0.12097908445436349,False,False,False,dc_dx_dg,Jaz_LOW_21,Met_MED_19,bar,videogame,Jaz,Met
9,63,0.09502825467475844,False,False,False,dc_dx_dg,Jaz_LOW_21,Met_MED_20,bar,videogame,Jaz,Met
10,11,0.2693613816713491,False,True,True,dc_SX_SG,Jaz_MED_02,Jaz_MED_07,bar,bar,Jaz,Jaz
10,12,0.1322208763583168,False,True,False,dc_SX_dg,Jaz_MED_02,Met_LOW_09,bar,bar,Jaz,Met
10,13,0.11053851763188792,False,True,False,dc_SX_dg,Jaz_MED_02,Met_LOW_14,bar,bar,Jaz,Met
10,14,0.15058855808551883,False,True,False,dc_SX_dg,Jaz_MED_02,Met_MED_19,bar,bar,Jaz,Met
10,15,0.12753117246203782,False,True,False,dc_SX_dg,Jaz_MED_02,Met_MED_20,bar,bar,Jaz,Met
10,16,0.19774847724090178,False,False,False,dc_dx_dg,Jaz_MED_02,80s_LOW_02,bar,concert,Jaz,80s
10,17,0.1448250790508693,False,False,False,dc_dx_dg,Jaz_MED_02,80s_LOW_06,bar,concert,Jaz,80s
10,18,0.13994486893686134,False,False,False,dc_dx_dg,Jaz_MED_02,80s_MED_08,bar,concert,Jaz,80s
10,19,0.12723755334559453,False,False,False,dc_dx_dg,Jaz_MED_02,80s_MED_13,bar,concert,Jaz,80s
10,20,0.13619844157471114,False,False,False,dc_dx_dg,Jaz_MED_02,Ele_LOW_09,bar,concert,Jaz,Ele
10,21,0.13966333677932244,False,False,False,dc_dx_dg,Jaz_MED_02,Ele_LOW_14,bar,concert,Jaz,Ele
10,22,0.1451927508553057,False,False,False,dc_dx_dg,Jaz_MED_02,Ele_MED_19,bar,concert,Jaz,Ele
10,23,0.11468630500636953,False,False,False,dc_dx_dg,Jaz_MED_02,Ele_MED_20,bar,concert,Jaz,Ele
10,24,0.17021165430790255,False,False,True,dc_dx_SG,Jaz_MED_02,Jaz_LOW_19,bar,concert,Jaz,Jaz
10,25,0.15881600128727136,False,False,True,dc_dx_SG,Jaz_MED_02,Jaz_LOW_21,bar,concert,Jaz,Jaz
10,26,0.1644725124650369,True,False,True,SC_dx,Jaz_MED_02,Jaz_MED_02,bar,concert,Jaz,Jaz
10,27,0.2512187712879824,False,False,True,dc_dx_SG,Jaz_MED_02,Jaz_MED_07,bar,concert,Jaz,Jaz
10,28,0.11899948610657421,False,False,False,dc_dx_dg,Jaz_MED_02,Met_LOW_09,bar,concert,Jaz,Met
10,29,0.11834862769035906,False,False,False,dc_dx_dg,Jaz_MED_02,Met_LOW_14,bar,concert,Jaz,Met
10,30,0.12116093945035226,False,False,False,dc_dx_dg,Jaz_MED_02,Met_MED_19,bar,concert,Jaz,Met
10,31,0.16299646355641828,False,False,False,dc_dx_dg,Jaz_MED_02,Met_MED_20,bar,concert,Jaz,Met
10,32,0.18790404110023165,False,False,False,dc_dx_dg,Jaz_MED_02,80s_LOW_02,bar,movie,Jaz,80s
10,33,0.15409082973772925,False,False,False,dc_dx_dg,Jaz_MED_02,80s_LOW_06,bar,movie,Jaz,80s
10,34,0.11222703985030866,False,False,False,dc_dx_dg,Jaz_MED_02,80s_MED_08,bar,movie,Jaz,80s
10,35,0.11900411642490472,False,False,False,dc_dx_dg,Jaz_MED_02,80s_MED_13,bar,movie,Jaz,80s
10,36,0.12253195262531537,False,False,False,dc_dx_dg,Jaz_MED_02,Ele_LOW_09,bar,movie,Jaz,Ele
10,37,0.10400396290213271,False,False,False,dc_dx_dg,Jaz_MED_02,Ele_LOW_14,bar,movie,Jaz,Ele
10,38,0.16947482667402766,False,False,False,dc_dx_dg,Jaz_MED_02,Ele_MED_19,bar,movie,Jaz,Ele
10,39,0.15109281259303928,False,False,False,dc_dx_dg,Jaz_MED_02,Ele_MED_20,bar,movie,Jaz,Ele
10,40,0.2001132584652412,False,False,True,dc_dx_SG,Jaz_MED_02,Jaz_LOW_19,bar,movie,Jaz,Jaz
10,41,0.1260181512805651,False,False,True,dc_dx_SG,Jaz_MED_02,Jaz_LOW_21,bar,movie,Jaz,Jaz
10,42,0.21688655732396905,True,False,True,SC_dx,Jaz_MED_02,Jaz_MED_02,bar,movie,Jaz,Jaz
10,43,0.24204915253736273,False,False,True,dc_dx_SG,Jaz_MED_02,Jaz_MED_07,bar,movie,Jaz,Jaz
10,44,0.10320835841107286,False,False,False,dc_dx_dg,Jaz_MED_02,Met_LOW_09,bar,movie,Jaz,Met
10,45,0.09267302369231059,False,False,False,dc_dx_dg,Jaz_MED_02,Met_LOW_14,bar,movie,Jaz,Met
10,46,0.12348052197503362,False,False,False,dc_dx_dg,Jaz_MED_02,Met_MED_19,bar,movie,Jaz,Met
10,47,0.13392880052485515,False,False,False,dc_dx_dg,Jaz_MED_02,Met_MED_20,bar,movie,Jaz,Met
10,48,0.19386776529712257,False,False,False,dc_dx_dg,Jaz_MED_02,80s_LOW_02,bar,videogame,Jaz,80s
10,49,0.16899531948240756,False,False,False,dc_dx_dg,Jaz_MED_02,80s_LOW_06,bar,videogame,Jaz,80s
10,50,0.1560979773975983,False,False,False,dc_dx_dg,Jaz_MED_02,80s_MED_08,bar,videogame,Jaz,80s
10,51,0.12248575571147126,False,False,False,dc_dx_dg,Jaz_MED_02,80s_MED_13,bar,videogame,Jaz,80s
10,52,0.12442538692909608,False,False,False,dc_dx_dg,Jaz_MED_02,Ele_LOW_09,bar,videogame,Jaz,Ele
10,53,0.08466071270676698,False,False,False,dc_dx_dg,Jaz_MED_02,Ele_LOW_14,bar,videogame,Jaz,Ele
10,54,0.14360717714860613,False,False,False,dc_dx_dg,Jaz_MED_02,Ele_MED_19,bar,videogame,Jaz,Ele
10,55,0.10551881097970495,False,False,False,dc_dx_dg,Jaz_MED_02,Ele_MED_20,bar,videogame,Jaz,Ele
10,56,0.09590821110201048,False,False,True,dc_dx_SG,Jaz_MED_02,Jaz_LOW_19,bar,videogame,Jaz,Jaz
10,57,0.1067466607305434,False,False,True,dc_dx_SG,Jaz_MED_02,Jaz_LOW_21,bar,videogame,Jaz,Jaz
10,58,0.17805759309077118,True,False,True,SC_dx,Jaz_MED_02,Jaz_MED_02,bar,videogame,Jaz,Jaz
10,59,0.29285388979803534,False,False,True,dc_dx_SG,Jaz_MED_02,Jaz_MED_07,bar,videogame,Jaz,Jaz
10,60,0.11701123616251048,False,False,False,dc_dx_dg,Jaz_MED_02,Met_LOW_09,bar,videogame,Jaz,Met
10,61,0.0870777475589253,False,False,False,dc_dx_dg,Jaz_MED_02,Met_LOW_14,bar,videogame,Jaz,Met
10,62,0.11081834003939617,False,False,False,dc_dx_dg,Jaz_MED_02,Met_MED_19,bar,videogame,Jaz,Met
10,63,0.08336724302198008,False,False,False,dc_dx_dg,Jaz_MED_02,Met_MED_20,bar,videogame,Jaz,Met
11,12,0.11923141957452546,False,True,False,dc_SX_dg,Jaz_MED_07,Met_LOW_09,bar,bar,Jaz,Met
11,13,0.15487887542411302,False,True,False,dc_SX_dg,Jaz_MED_07,Met_LOW_14,bar,bar,Jaz,Met
11,14,0.15699643357550574,False,True,False,dc_SX_dg,Jaz_MED_07,Met_MED_19,bar,bar,Jaz,Met
11,15,0.1336423957313642,False,True,False,dc_SX_dg,Jaz_MED_07,Met_MED_20,bar,bar,Jaz,Met
11,16,0.23839997562230886,False,False,False,dc_dx_dg,Jaz_MED_07,80s_LOW_02,bar,concert,Jaz,80s
11,17,0.15354251445606845,False,False,False,dc_dx_dg,Jaz_MED_07,80s_LOW_06,bar,concert,Jaz,80s
11,18,0.1542260351717756,False,False,False,dc_dx_dg,Jaz_MED_07,80s_MED_08,bar,concert,Jaz,80s
11,19,0.1657234579730849,False,False,False,dc_dx_dg,Jaz_MED_07,80s_MED_13,bar,concert,Jaz,80s
11,20,0.1291552558195387,False,False,False,dc_dx_dg,Jaz_MED_07,Ele_LOW_09,bar,concert,Jaz,Ele
11,21,0.14437284406674197,False,False,False,dc_dx_dg,Jaz_MED_07,Ele_LOW_14,bar,concert,Jaz,Ele
11,22,0.17132393082416947,False,False,False,dc_dx_dg,Jaz_MED_07,Ele_MED_19,bar,concert,Jaz,Ele
11,23,0.12372510173159898,False,False,False,dc_dx_dg,Jaz_MED_07,Ele_MED_20,bar,concert,Jaz,Ele
11,24,0.19337905165291885,False,False,True,dc_dx_SG,Jaz_MED_07,Jaz_LOW_19,bar,concert,Jaz,Jaz
11,25,0.14978106074140954,False,False,True,dc_dx_SG,Jaz_MED_07,Jaz_LOW_21,bar,concert,Jaz,Jaz
11,26,0.20057364035855538,False,False,True,dc_dx_SG,Jaz_MED_07,Jaz_MED_02,bar,concert,Jaz,Jaz
11,27,0.30582517497016787,True,False,True,SC_dx,Jaz_MED_07,Jaz_MED_07,bar,concert,Jaz,Jaz
11,28,0.09867502432376894,False,False,False,dc_dx_dg,Jaz_MED_07,Met_LOW_09,bar,concert,Jaz,Met
11,29,0.16372238182283536,False,False,False,dc_dx_dg,Jaz_MED_07,Met_LOW_14,bar,concert,Jaz,Met
11,30,0.12126933780517977,False,False,False,dc_dx_dg,Jaz_MED_07,Met_MED_19,bar,concert,Jaz,Met
11,31,0.16647129778782002,False,False,False,dc_dx_dg,Jaz_MED_07,Met_MED_20,bar,concert,Jaz,Met
11,32,0.20237257875910014,False,False,False,dc_dx_dg,Jaz_MED_07,80s_LOW_02,bar,movie,Jaz,80s
11,33,0.1636409605348426,False,False,False,dc_dx_dg,Jaz_MED_07,80s_LOW_06,bar,movie,Jaz,80s
11,34,0.14415993456960663,False,False,False,dc_dx_dg,Jaz_MED_07,80s_MED_08,bar,movie,Jaz,80s
11,35,0.1423063996809837,False,False,False,dc_dx_dg,Jaz_MED_07,80s_MED_13,bar,movie,Jaz,80s
11,36,0.13065214709641818,False,False,False,dc_dx_dg,Jaz_MED_07,Ele_LOW_09,bar,movie,Jaz,Ele
11,37,0.1151603652573472,False,False,False,dc_dx_dg,Jaz_MED_07,Ele_LOW_14,bar,movie,Jaz,Ele
11,38,0.1594125385802998,False,False,False,dc_dx_dg,Jaz_MED_07,Ele_MED_19,bar,movie,Jaz,Ele
11,39,0.17477628522204444,False,False,False,dc_dx_dg,Jaz_MED_07,Ele_MED_20,bar,movie,Jaz,Ele
11,40,0.19362235238332015,False,False,True,dc_dx_SG,Jaz_MED_07,Jaz_LOW_19,bar,movie,Jaz,Jaz
11,41,0.1441049271584899,False,False,True,dc_dx_SG,Jaz_MED_07,Jaz_LOW_21,bar,movie,Jaz,Jaz
11,42,0.2682189139062965,False,False,True,dc_dx_SG,Jaz_MED_07,Jaz_MED_02,bar,movie,Jaz,Jaz
11,43,0.3322570204340311,True,False,True,SC_dx,Jaz_MED_07,Jaz_MED_07,bar,movie,Jaz,Jaz
11,44,0.10285981697599612,False,False,False,dc_dx_dg,Jaz_MED_07,Met_LOW_09,bar,movie,Jaz,Met
11,45,0.12383395676262274,False,False,False,dc_dx_dg,Jaz_MED_07,Met_LOW_14,bar,movie,Jaz,Met
11,46,0.13930224808927058,False,False,False,dc_dx_dg,Jaz_MED_07,Met_MED_19,bar,movie,Jaz,Met
11,47,0.1523343254471579,False,False,False,dc_dx_dg,Jaz_MED_07,Met_MED_20,bar,movie,Jaz,Met
11,48,0.22604090512426334,False,False,False,dc_dx_dg,Jaz_MED_07,80s_LOW_02,bar,videogame,Jaz,80s
11,49,0.1593179223310578,False,False,False,dc_dx_dg,Jaz_MED_07,80s_LOW_06,bar,videogame,Jaz,80s
11,50,0.12430723650091483,False,False,False,dc_dx_dg,Jaz_MED_07,80s_MED_08,bar,videogame,Jaz,80s
11,51,0.15778963370784288,False,False,False,dc_dx_dg,Jaz_MED_07,80s_MED_13,bar,videogame,Jaz,80s
11,52,0.10113079124350935,False,False,False,dc_dx_dg,Jaz_MED_07,Ele_LOW_09,bar,videogame,Jaz,Ele
11,53,0.10350713948416153,False,False,False,dc_dx_dg,Jaz_MED_07,Ele_LOW_14,bar,videogame,Jaz,Ele
11,54,0.16814563804433283,False,False,False,dc_dx_dg,Jaz_MED_07,Ele_MED_19,bar,videogame,Jaz,Ele
11,55,0.14551803546242914,False,False,False,dc_dx_dg,Jaz_MED_07,Ele_MED_20,bar,videogame,Jaz,Ele
11,56,0.12060767526430559,False,False,True,dc_dx_SG,Jaz_MED_07,Jaz_LOW_19,bar,videogame,Jaz,Jaz
11,57,0.11125189888511378,False,False,True,dc_dx_SG,Jaz_MED_07,Jaz_LOW_21,bar,videogame,Jaz,Jaz
11,58,0.2561835009312726,False,False,True,dc_dx_SG,Jaz_MED_07,Jaz_MED_02,bar,videogame,Jaz,Jaz
11,59,0.29562682621337905,True,False,True,SC_dx,Jaz_MED_07,Jaz_MED_07,bar,videogame,Jaz,Jaz
11,60,0.10156911799893464,False,False,False,dc_dx_dg,Jaz_MED_07,Met_LOW_09,bar,videogame,Jaz,Met
11,61,0.09199002093064693,False,False,False,dc_dx_dg,Jaz_MED_07,Met_LOW_14,bar,videogame,Jaz,Met
11,62,0.0971300515788819,False,False,False,dc_dx_dg,Jaz_MED_07,Met_MED_19,bar,videogame,Jaz,Met
11,63,0.07169643447980548,False,False,False,dc_dx_dg,Jaz_MED_07,Met_MED_20,bar,videogame,Jaz,Met
12,13,0.16865083752635046,False,True,True,dc_SX_SG,Met_LOW_09,Met_LOW_14,bar,bar,Met,Met
12,14,0.23275790353140294,False,True,True,dc_SX_SG,Met_LOW_09,Met_MED_19,bar,bar,Met,Met
12,15,0.15421472113797532,False,True,True,dc_SX_SG,Met_LOW_09,Met_MED_20,bar,bar,Met,Met
12,16,0.11634229936342506,False,False,False,dc_dx_dg,Met_LOW_09,80s_LOW_02,bar,concert,Met,80s
12,17,0.16773344240818847,False,False,False,dc_dx_dg,Met_LOW_09,80s_LOW_06,bar,concert,Met,80s
12,18,0.1148623043373111,False,False,False,dc_dx_dg,Met_LOW_09,80s_MED_08,bar,concert,Met,80s
12,19,0.13965564875159575,False,False,False,dc_dx_dg,Met_LOW_09,80s_MED_13,bar,concert,Met,80s
12,20,0.15627250256126943,False,False,False,dc_dx_dg,Met_LOW_09,Ele_LOW_09,bar,concert,Met,Ele
12,21,0.1502448844896583,False,False,False,dc_dx_dg,Met_LOW_09,Ele_LOW_14,bar,concert,Met,Ele
12,22,0.16909677711343996,False,False,False,dc_dx_dg,Met_LOW_09,Ele_MED_19,bar,concert,Met,Ele
12,23,0.11026499807571748,False,False,False,dc_dx_dg,Met_LOW_09,Ele_MED_20,bar,concert,Met,Ele
12,24,0.14749778074396724,False,False,False,dc_dx_dg,Met_LOW_09,Jaz_LOW_19,bar,concert,Met,Jaz
12,25,0.15745704809611677,False,False,False,dc_dx_dg,Met_LOW_09,Jaz_LOW_21,bar,concert,Met,Jaz
12,26,0.12352324058212306,False,False,False,dc_dx_dg,Met_LOW_09,Jaz_MED_02,bar,concert,Met,Jaz
12,27,0.13562377095783404,False,False,False,dc_dx_dg,Met_LOW_09,Jaz_MED_07,bar,concert,Met,Jaz
12,28,0.2307047673234921,True,False,True,SC_dx,Met_LOW_09,Met_LOW_09,bar,concert,Met,Met
12,29,0.19773579627243723,False,False,True,dc_dx_SG,Met_LOW_09,Met_LOW_14,bar,concert,Met,Met
12,30,0.17035249389724344,False,False,True,dc_dx_SG,Met_LOW_09,Met_MED_19,bar,concert,Met,Met
12,31,0.2127590663746433,False,False,True,dc_dx_SG,Met_LOW_09,Met_MED_20,bar,concert,Met,Met
12,32,0.12442760805174201,False,False,False,dc_dx_dg,Met_LOW_09,80s_LOW_02,bar,movie,Met,80s
12,33,0.12747312604248806,False,False,False,dc_dx_dg,Met_LOW_09,80s_LOW_06,bar,movie,Met,80s
12,34,0.12328844997165718,False,False,False,dc_dx_dg,Met_LOW_09,80s_MED_08,bar,movie,Met,80s
12,35,0.11104685353441286,False,False,False,dc_dx_dg,Met_LOW_09,80s_MED_13,bar,movie,Met,80s
12,36,0.1388598549671417,False,False,False,dc_dx_dg,Met_LOW_09,Ele_LOW_09,bar,movie,Met,Ele
12,37,0.10026056698159949,False,False,False,dc_dx_dg,Met_LOW_09,Ele_LOW_14,bar,movie,Met,Ele
12,38,0.13862093235175896,False,False,False,dc_dx_dg,Met_LOW_09,Ele_MED_19,bar,movie,Met,Ele
12,39,0.08961193473497372,False,False,False,dc_dx_dg,Met_LOW_09,Ele_MED_20,bar,movie,Met,Ele
12,40,0.11939108594265158,False,False,False,dc_dx_dg,Met_LOW_09,Jaz_LOW_19,bar,movie,Met,Jaz
12,41,0.08117944667708887,False,False,False,dc_dx_dg,Met_LOW_09,Jaz_LOW_21,bar,movie,Met,Jaz
12,42,0.13732814436988114,False,False,False,dc_dx_dg,Met_LOW_09,Jaz_MED_02,bar,movie,Met,Jaz
12,43,0.11239772761859869,False,False,False,dc_dx_dg,Met_LOW_09,Jaz_MED_07,bar,movie,Met,Jaz
12,44,0.08967726901805101,True,False,True,SC_dx,Met_LOW_09,Met_LOW_09,bar,movie,Met,Met
12,45,0.09905727294227677,False,False,True,dc_dx_SG,Met_LOW_09,Met_LOW_14,bar,movie,Met,Met
12,46,0.183857459889707,False,False,True,dc_dx_SG,Met_LOW_09,Met_MED_19,bar,movie,Met,Met
12,47,0.18264069770437755,False,False,True,dc_dx_SG,Met_LOW_09,Met_MED_20,bar,movie,Met,Met
12,48,0.12193185454751064,False,False,False,dc_dx_dg,Met_LOW_09,80s_LOW_02,bar,videogame,Met,80s
12,49,0.13517014532013893,False,False,False,dc_dx_dg,Met_LOW_09,80s_LOW_06,bar,videogame,Met,80s
12,50,0.13528910722251336,False,False,False,dc_dx_dg,Met_LOW_09,80s_MED_08,bar,videogame,Met,80s
12,51,0.111868065394616,False,False,False,dc_dx_dg,Met_LOW_09,80s_MED_13,bar,videogame,Met,80s
12,52,0.15446571309236842,False,False,False,dc_dx_dg,Met_LOW_09,Ele_LOW_09,bar,videogame,Met,Ele
12,53,0.09793680715665411,False,False,False,dc_dx_dg,Met_LOW_09,Ele_LOW_14,bar,videogame,Met,Ele
12,54,0.13367211273953294,False,False,False,dc_dx_dg,Met_LOW_09,Ele_MED_19,bar,videogame,Met,Ele
12,55,0.08112506303017133,False,False,False,dc_dx_dg,Met_LOW_09,Ele_MED_20,bar,videogame,Met,Ele
12,56,0.13002836380131425,False,False,False,dc_dx_dg,Met_LOW_09,Jaz_LOW_19,bar,videogame,Met,Jaz
12,57,0.08003622576497528,False,False,False,dc_dx_dg,Met_LOW_09,Jaz_LOW_21,bar,videogame,Met,Jaz
12,58,0.12943573306181871,False,False,False,dc_dx_dg,Met_LOW_09,Jaz_MED_02,bar,videogame,Met,Jaz
12,59,0.11158121672065134,False,False,False,dc_dx_dg,Met_LOW_09,Jaz_MED_07,bar,videogame,Met,Jaz
12,60,0.21109363005322845,True,False,True,SC_dx,Met_LOW_09,Met_LOW_09,bar,videogame,Met,Met
12,61,0.09586270043184965,False,False,True,dc_dx_SG,Met_LOW_09,Met_LOW_14,bar,videogame,Met,Met
12,62,0.16662548354601275,False,False,True,dc_dx_SG,Met_LOW_09,Met_MED_19,bar,videogame,Met,Met
12,63,0.1516490765649804,False,False,True,dc_dx_SG,Met_LOW_09,Met_MED_20,bar,videogame,Met,Met
13,14,0.22165861458190333,False,True,True,dc_SX_SG,Met_LOW_14,Met_MED_19,bar,bar,Met,Met
13,15,0.14632169240638576,False,True,True,dc_SX_SG,Met_LOW_14,Met_MED_20,bar,bar,Met,Met
13,16,0.13955229447234854,False,False,False,dc_dx_dg,Met_LOW_14,80s_LOW_02,bar,concert,Met,80s
13,17,0.17272782986515395,False,False,False,dc_dx_dg,Met_LOW_14,80s_LOW_06,bar,concert,Met,80s
13,18,0.15139872944918056,False,False,False,dc_dx_dg,Met_LOW_14,80s_MED_08,bar,concert,Met,80s
13,19,0.13121291030484303,False,False,False,dc_dx_dg,Met_LOW_14,80s_MED_13,bar,concert,Met,80s
13,20,0.17415914485161132,False,False,False,dc_dx_dg,Met_LOW_14,Ele_LOW_09,bar,concert,Met,Ele
13,21,0.15190238959421323,False,False,False,dc_dx_dg,Met_LOW_14,Ele_LOW_14,bar,concert,Met,Ele
13,22,0.1203377944638303,False,False,False,dc_dx_dg,Met_LOW_14,Ele_MED_19,bar,concert,Met,Ele
13,23,0.10408821110520344,False,False,False,dc_dx_dg,Met_LOW_14,Ele_MED_20,bar,concert,Met,Ele
13,24,0.13484909105673584,False,False,False,dc_dx_dg,Met_LOW_14,Jaz_LOW_19,bar,concert,Met,Jaz
13,25,0.11112391498560144,False,False,False,dc_dx_dg,Met_LOW_14,Jaz_LOW_21,bar,concert,Met,Jaz
13,26,0.11120646072368429,False,False,False,dc_dx_dg,Met_LOW_14,Jaz_MED_02,bar,concert,Met,Jaz
13,27,0.15189889987365557,False,False,False,dc_dx_dg,Met_LOW_14,Jaz_MED_07,bar,concert,Met,Jaz
13,28,0.16094213485418812,False,False,True,dc_dx_SG,Met_LOW_14,Met_LOW_09,bar,concert,Met,Met
13,29,0.17500633548328992,True,False,True,SC_dx,Met_LOW_14,Met_LOW_14,bar,concert,Met,Met
13,30,0.15717626302717705,False,False,True,dc_dx_SG,Met_LOW_14,Met_MED_19,bar,concert,Met,Met
13,31,0.21594464444763203,False,False,True,dc_dx_SG,Met_LOW_14,Met_MED_20,bar,concert,Met,Met
13,32,0.11984291794066909,False,False,False,dc_dx_dg,Met_LOW_14,80s_LOW_02,bar,movie,Met,80s
13,33,0.14845150934314716,False,False,False,dc_dx_dg,Met_LOW_14,80s_LOW_06,bar,movie,Met,80s
13,34,0.13068857266493503,False,False,False,dc_dx_dg,Met_LOW_14,80s_MED_08,bar,movie,Met,80s
13,35,0.13315891635598787,False,False,False,dc_dx_dg,Met_LOW_14,80s_MED_13,bar,movie,Met,80s
13,36,0.2089840054315574,False,False,False,dc_dx_dg,Met_LOW_14,Ele_LOW_09,bar,movie,Met,Ele
13,37,0.15354775001712045,False,False,False,dc_dx_dg,Met_LOW_14,Ele_LOW_14,bar,movie,Met,Ele
13,38,0.11982565111240263,False,False,False,dc_dx_dg,Met_LOW_14,Ele_MED_19,bar,movie,Met,Ele
13,39,0.1312582696917475,False,False,False,dc_dx_dg,Met_LOW_14,Ele_MED_20,bar,movie,Met,Ele
13,40,0.14207636987768404,False,False,False,dc_dx_dg,Met_LOW_14,Jaz_LOW_19,bar,movie,Met,Jaz
13,41,0.10398077302248587,False,False,False,dc_dx_dg,Met_LOW_14,Jaz_LOW_21,bar,movie,Met,Jaz
13,42,0.15243725228642338,False,False,False,dc_dx_dg,Met_LOW_14,Jaz_MED_02,bar,movie,Met,Jaz
13,43,0.15997857191894274,False,False,False,dc_dx_dg,Met_LOW_14,Jaz_MED_07,bar,movie,Met,Jaz
13,44,0.1610229916428961,False,False,True,dc_dx_SG,Met_LOW_14,Met_LOW_09,bar,movie,Met,Met
13,45,0.21463168105940608,True,False,True,SC_dx,Met_LOW_14,Met_LOW_14,bar,movie,Met,Met
13,46,0.20101907256519136,False,False,True,dc_dx_SG,Met_LOW_14,Met_MED_19,bar,movie,Met,Met
13,47,0.17123755688737957,False,False,True,dc_dx_SG,Met_LOW_14,Met_MED_20,bar,movie,Met,Met
13,48,0.1457653815892193,False,False,False,dc_dx_dg,Met_LOW_14,80s_LOW_02,bar,videogame,Met,80s
13,49,0.1457065461124402,False,False,False,dc_dx_dg,Met_LOW_14,80s_LOW_06,bar,videogame,Met,80s
13,50,0.12731678654277903,False,False,False,dc_dx_dg,Met_LOW_14,80s_MED_08,bar,videogame,Met,80s
13,51,0.11891703706731757,False,False,False,dc_dx_dg,Met_LOW_14,80s_MED_13,bar,videogame,Met,80s
13,52,0.1903310522287999,False,False,False,dc_dx_dg,Met_LOW_14,Ele_LOW_09,bar,videogame,Met,Ele
13,53,0.17938182224044885,False,False,False,dc_dx_dg,Met_LOW_14,Ele_LOW_14,bar,videogame,Met,Ele
13,54,0.13792019820344034,False,False,False,dc_dx_dg,Met_LOW_14,Ele_MED_19,bar,videogame,Met,Ele
13,55,0.0851883809339108,False,False,False,dc_dx_dg,Met_LOW_14,Ele_MED_20,bar,videogame,Met,Ele
13,56,0.1114570459918852,False,False,False,dc_dx_dg,Met_LOW_14,Jaz_LOW_19,bar,videogame,Met,Jaz
13,57,0.11189481439007894,False,False,False,dc_dx_dg,Met_LOW_14,Jaz_LOW_21,bar,videogame,Met,Jaz
13,58,0.1371724794811184,False,False,False,dc_dx_dg,Met_LOW_14,Jaz_MED_02,bar,videogame,Met,Jaz
13,59,0.1469745147552884,False,False,False,dc_dx_dg,Met_LOW_14,Jaz_MED_07,bar,videogame,Met,Jaz
13,60,0.22161888734347765,False,False,True,dc_dx_SG,Met_LOW_14,Met_LOW_09,bar,videogame,Met,Met
13,61,0.20019911147774325,True,False,True,SC_dx,Met_LOW_14,Met_LOW_14,bar,videogame,Met,Met
13,62,0.19123788862884442,False,False,True,dc_dx_SG,Met_LOW_14,Met_MED_19,bar,videogame,Met,Met
13,63,0.1467930720245012,False,False,True,dc_dx_SG,Met_LOW_14,Met_MED_20,bar,videogame,Met,Met
14,15,0.17403846455964875,False,True,True,dc_SX_SG,Met_MED_19,Met_MED_20,bar,bar,Met,Met
14,16,0.13260941512597318,False,False,False,dc_dx_dg,Met_MED_19,80s_LOW_02,bar,concert,Met,80s
14,17,0.180785742539296,False,False,False,dc_dx_dg,Met_MED_19,80s_LOW_06,bar,concert,Met,80s
14,18,0.17024291748666956,False,False,False,dc_dx_dg,Met_MED_19,80s_MED_08,bar,concert,Met,80s
14,19,0.10805105843417426,False,False,False,dc_dx_dg,Met_MED_19,80s_MED_13,bar,concert,Met,80s
14,20,0.16424174423162796,False,False,False,dc_dx_dg,Met_MED_19,Ele_LOW_09,bar,concert,Met,Ele
14,21,0.1649998416894725,False,False,False,dc_dx_dg,Met_MED_19,Ele_LOW_14,bar,concert,Met,Ele
14,22,0.11888031642147123,False,False,False,dc_dx_dg,Met_MED_19,Ele_MED_19,bar,concert,Met,Ele
14,23,0.09815388318404325,False,False,False,dc_dx_dg,Met_MED_19,Ele_MED_20,bar,concert,Met,Ele
14,24,0.1542240535770892,False,False,False,dc_dx_dg,Met_MED_19,Jaz_LOW_19,bar,concert,Met,Jaz
14,25,0.13868582660846518,False,False,False,dc_dx_dg,Met_MED_19,Jaz_LOW_21,bar,concert,Met,Jaz
14,26,0.11797401246425929,False,False,False,dc_dx_dg,Met_MED_19,Jaz_MED_02,bar,concert,Met,Jaz
14,27,0.18922017900450724,False,False,False,dc_dx_dg,Met_MED_19,Jaz_MED_07,bar,concert,Met,Jaz
14,28,0.18591979990672503,False,False,True,dc_dx_SG,Met_MED_19,Met_LOW_09,bar,concert,Met,Met
14,29,0.18211601630288066,False,False,True,dc_dx_SG,Met_MED_19,Met_LOW_14,bar,concert,Met,Met
14,30,0.16852918409222148,True,False,True,SC_dx,Met_MED_19,Met_MED_19,bar,concert,Met,Met
14,31,0.2158991308060816,False,False,True,dc_dx_SG,Met_MED_19,Met_MED_20,bar,concert,Met,Met
14,32,0.12296909273454074,False,False,False,dc_dx_dg,Met_MED_19,80s_LOW_02,bar,movie,Met,80s
14,33,0.16338705693964284,False,False,False,dc_dx_dg,Met_MED_19,80s_LOW_06,bar,movie,Met,80s
14,34,0.12410388969934347,False,False,False,dc_dx_dg,Met_MED_19,80s_MED_08,bar,movie,Met,80s
14,35,0.1195852600562632,False,False,False,dc_dx_dg,Met_MED_19,80s_MED_13,bar,movie,Met,80s
14,36,0.18893091065148088,False,False,False,dc_dx_dg,Met_MED_19,Ele_LOW_09,bar,movie,Met,Ele
14,37,0.15337209846605773,False,False,False,dc_dx_dg,Met_MED_19,Ele_LOW_14,bar,movie,Met,Ele
14,38,0.13835858690847,False,False,False,dc_dx_dg,Met_MED_19,Ele_MED_19,bar,movie,Met,Ele
14,39,0.11861024992718902,False,False,False,dc_dx_dg,Met_MED_19,Ele_MED_20,bar,movie,Met,Ele
14,40,0.1679872232341856,False,False,False,dc_dx_dg,Met_MED_19,Jaz_LOW_19,bar,movie,Met,Jaz
14,41,0.13328750300694167,False,False,False,dc_dx_dg,Met_MED_19,Jaz_LOW_21,bar,movie,Met,Jaz
14,42,0.1466899344311168,False,False,False,dc_dx_dg,Met_MED_19,Jaz_MED_02,bar,movie,Met,Jaz
14,43,0.15572058169396882,False,False,False,dc_dx_dg,Met_MED_19,Jaz_MED_07,bar,movie,Met,Jaz
14,44,0.13378734501833714,False,False,True,dc_dx_SG,Met_MED_19,Met_LOW_09,bar,movie,Met,Met
14,45,0.17395751428481113,False,False,True,dc_dx_SG,Met_MED_19,Met_LOW_14,bar,movie,Met,Met
14,46,0.21231817711788972,True,False,True,SC_dx,Met_MED_19,Met_MED_19,bar,movie,Met,Met
14,47,0.19369580640142642,False,False,True,dc_dx_SG,Met_MED_19,Met_MED_20,bar,movie,Met,Met
14,48,0.11848051730376456,False,False,False,dc_dx_dg,Met_MED_19,80s_LOW_02,bar,videogame,Met,80s
14,49,0.17299493065664567,False,False,False,dc_dx_dg,Met_MED_19,80s_LOW_06,bar,videogame,Met,80s
14,50,0.12989950373682008,False,False,False,dc_dx_dg,Met_MED_19,80s_MED_08,bar,videogame,Met,80s
14,51,0.1354775669643892,False,False,False,dc_dx_dg,Met_MED_19,80s_MED_13,bar,videogame,Met,80s
14,52,0.18462771981493756,False,False,False,dc_dx_dg,Met_MED_19,Ele_LOW_09,bar,videogame,Met,Ele
14,53,0.15252798544783785,False,False,False,dc_dx_dg,Met_MED_19,Ele_LOW_14,bar,videogame,Met,Ele
14,54,0.1334079616794328,False,False,False,dc_dx_dg,Met_MED_19,Ele_MED_19,bar,videogame,Met,Ele
14,55,0.1057416595029328,False,False,False,dc_dx_dg,Met_MED_19,Ele_MED_20,bar,videogame,Met,Ele
14,56,0.10973405171648051,False,False,False,dc_dx_dg,Met_MED_19,Jaz_LOW_19,bar,videogame,Met,Jaz
14,57,0.13268789117780172,False,False,False,dc_dx_dg,Met_MED_19,Jaz_LOW_21,bar,videogame,Met,Jaz
14,58,0.1562672135235012,False,False,False,dc_dx_dg,Met_MED_19,Jaz_MED_02,bar,videogame,Met,Jaz
14,59,0.17825727239295577,False,False,False,dc_dx_dg,Met_MED_19,Jaz_MED_07,bar,videogame,Met,Jaz
14,60,0.19299920732671785,False,False,True,dc_dx_SG,Met_MED_19,Met_LOW_09,bar,videogame,Met,Met
14,61,0.13038637523240718,False,False,True,dc_dx_SG,Met_MED_19,Met_LOW_14,bar,videogame,Met,Met
14,62,0.21004835923849183,True,False,True,SC_dx,Met_MED_19,Met_MED_19,bar,videogame,Met,Met
14,63,0.22112624483597398,False,False,True,dc_dx_SG,Met_MED_19,Met_MED_20,bar,videogame,Met,Met
15,16,0.1347153258928327,False,False,False,dc_dx_dg,Met_MED_20,80s_LOW_02,bar,concert,Met,80s
15,17,0.12746413124403963,False,False,False,dc_dx_dg,Met_MED_20,80s_LOW_06,bar,concert,Met,80s
15,18,0.13638309701929835,False,False,False,dc_dx_dg,Met_MED_20,80s_MED_08,bar,concert,Met,80s
15,19,0.09821375735618941,False,False,False,dc_dx_dg,Met_MED_20,80s_MED_13,bar,concert,Met,80s
15,20,0.17757290646935114,False,False,False,dc_dx_dg,Met_MED_20,Ele_LOW_09,bar,concert,Met,Ele
15,21,0.12464722982936775,False,False,False,dc_dx_dg,Met_MED_20,Ele_LOW_14,bar,concert,Met,Ele
15,22,0.12200965363727206,False,False,False,dc_dx_dg,Met_MED_20,Ele_MED_19,bar,concert,Met,Ele
15,23,0.11109841863440442,False,False,False,dc_dx_dg,Met_MED_20,Ele_MED_20,bar,concert,Met,Ele
15,24,0.14552739894641226,False,False,False,dc_dx_dg,Met_MED_20,Jaz_LOW_19,bar,concert,Met,Jaz
15,25,0.14557214276977332,False,False,False,dc_dx_dg,Met_MED_20,Jaz_LOW_21,bar,concert,Met,Jaz
15,26,0.1169138200989932,False,False,False,dc_dx_dg,Met_MED_20,Jaz_MED_02,bar,concert,Met,Jaz
15,27,0.15351066414954573,False,False,False,dc_dx_dg,Met_MED_20,Jaz_MED_07,bar,concert,Met,Jaz
15,28,0.16940030267792977,False,False,True,dc_dx_SG,Met_MED_20,Met_LOW_09,bar,concert,Met,Met
15,29,0.18761114336308124,False,False,True,dc_dx_SG,Met_MED_20,Met_LOW_14,bar,concert,Met,Met
15,30,0.2264986638502568,False,False,True,dc_dx_SG,Met_MED_20,Met_MED_19,bar,concert,Met,Met
15,31,0.18269190336682933,True,False,True,SC_dx,Met_MED_20,Met_MED_20,bar,concert,Met,Met
15,32,0.11713416799095792,False,False,False,dc_dx_dg,Met_MED_20,80s_LOW_02,bar,movie,Met,80s
15,33,0.15097915932863232,False,False,False,dc_dx_dg,Met_MED_20,80s_LOW_06,bar,movie,Met,80s
15,34,0.10408200989714554,False,False,False,dc_dx_dg,Met_MED_20,80s_MED_08,bar,movie,Met,80s
15,35,0.11225960412030396,False,False,False,dc_dx_dg,Met_MED_20,80s_MED_13,bar,movie,Met,80s
15,36,0.16505799763408047,False,False,False,dc_dx_dg,Met_MED_20,Ele_LOW_09,bar,movie,Met,Ele
15,37,0.17681048807237462,False,False,False,dc_dx_dg,Met_MED_20,Ele_LOW_14,bar,movie,Met,Ele
15,38,0.11204927335470544,False,False,False,dc_dx_dg,Met_MED_20,Ele_MED_19,bar,movie,Met,Ele
15,39,0.10779984339813937,False,False,False,dc_dx_dg,Met_MED_20,Ele_MED_20,bar,movie,Met,Ele
15,40,0.13775565323549208,False,False,False,dc_dx_dg,Met_MED_20,Jaz_LOW_19,bar,movie,Met,Jaz
15,41,0.1191495156325161,False,False,False,dc_dx_dg,Met_MED_20,Jaz_LOW_21,bar,movie,Met,Jaz
15,42,0.123787983931788,False,False,False,dc_dx_dg,Met_MED_20,Jaz_MED_02,bar,movie,Met,Jaz
15,43,0.1159403884601934,False,False,False,dc_dx_dg,Met_MED_20,Jaz_MED_07,bar,movie,Met,Jaz
15,44,0.19312931894383398,False,False,True,dc_dx_SG,Met_MED_20,Met_LOW_09,bar,movie,Met,Met
15,45,0.14762352059476944,False,False,True,dc_dx_SG,Met_MED_20,Met_LOW_14,bar,movie,Met,Met
15,46,0.19987166674222215,False,False,True,dc_dx_SG,Met_MED_20,Met_MED_19,bar,movie,Met,Met
15,47,0.21548945867032643,True,False,True,SC_dx,Met_MED_20,Met_MED_20,bar,movie,Met,Met
15,48,0.12887675361091422,False,False,False,dc_dx_dg,Met_MED_20,80s_LOW_02,bar,videogame,Met,80s
15,49,0.1601910090285704,False,False,False,dc_dx_dg,Met_MED_20,80s_LOW_06,bar,videogame,Met,80s
15,50,0.13169445167153224,False,False,False,dc_dx_dg,Met_MED_20,80s_MED_08,bar,videogame,Met,80s
15,51,0.13896391507033956,False,False,False,dc_dx_dg,Met_MED_20,80s_MED_13,bar,videogame,Met,80s
15,52,0.13448630515022977,False,False,False,dc_dx_dg,Met_MED_20,Ele_LOW_09,bar,videogame,Met,Ele
15,53,0.1296681224895389,False,False,False,dc_dx_dg,Met_MED_20,Ele_LOW_14,bar,videogame,Met,Ele
15,54,0.1258973828415772,False,False,False,dc_dx_dg,Met_MED_20,Ele_MED_19,bar,videogame,Met,Ele
15,55,0.11775516611205025,False,False,False,dc_dx_dg,Met_MED_20,Ele_MED_20,bar,videogame,Met,Ele
15,56,0.12438914644254111,False,False,False,dc_dx_dg,Met_MED_20,Jaz_LOW_19,bar,videogame,Met,Jaz
15,57,0.1413604604770382,False,False,False,dc_dx_dg,Met_MED_20,Jaz_LOW_21,bar,videogame,Met,Jaz
15,58,0.1316169025440451,False,False,False,dc_dx_dg,Met_MED_20,Jaz_MED_02,bar,videogame,Met,Jaz
15,59,0.11735537415352235,False,False,False,dc_dx_dg,Met_MED_20,Jaz_MED_07,bar,videogame,Met,Jaz
15,60,0.1882619643256372,False,False,True,dc_dx_SG,Met_MED_20,Met_LOW_09,bar,videogame,Met,Met
15,61,0.18221945365454661,False,False,True,dc_dx_SG,Met_MED_20,Met_LOW_14,bar,videogame,Met,Met
15,62,0.19527276328739668,False,False,True,dc_dx_SG,Met_MED_20,Met_MED_19,bar,videogame,Met,Met
15,63,0.13622366485551812,True,False,True,SC_dx,Met_MED_20,Met_MED_20,bar,videogame,Met,Met
16,17,0.1476258382091934,False,True,True,dc_SX_SG,80s_LOW_02,80s_LOW_06,concert,concert,80s,80s
16,18,0.13729423909471808,False,True,True,dc_SX_SG,80s_LOW_02,80s_MED_08,concert,concert,80s,80s
16,19,0.17780328004668605,False,True,True,dc_SX_SG,80s_LOW_02,80s_MED_13,concert,concert,80s,80s
16,20,0.16340306192480925,False,True,False,dc_SX_dg,80s_LOW_02,Ele_LOW_09,concert,concert,80s,Ele
16,21,0.14492520608486686,False,True,False,dc_SX_dg,80s_LOW_02,Ele_LOW_14,concert,concert,80s,Ele
16,22,0.12854437200535768,False,True,False,dc_SX_dg,80s_LOW_02,Ele_MED_19,concert,concert,80s,Ele
16,23,0.12282774432463812,False,True,False,dc_SX_dg,80s_LOW_02,Ele_MED_20,concert,concert,80s,Ele
16,24,0.1624069071638641,False,True,False,dc_SX_dg,80s_LOW_02,Jaz_LOW_19,concert,concert,80s,Jaz
16,25,0.1387424966731121,False,True,False,dc_SX_dg,80s_LOW_02,Jaz_LOW_21,concert,concert,80s,Jaz
16,26,0.15000902761448096,False,True,False,dc_SX_dg,80s_LOW_02,Jaz_MED_02,concert,concert,80s,Jaz
16,27,0.21746582607195325,False,True,False,dc_SX_dg,80s_LOW_02,Jaz_MED_07,concert,concert,80s,Jaz
16,28,0.10409385320059567,False,True,False,dc_SX_dg,80s_LOW_02,Met_LOW_09,concert,concert,80s,Met
16,29,0.14112165174715513,False,True,False,dc_SX_dg,80s_LOW_02,Met_LOW_14,concert,concert,80s,Met
16,30,0.12135278712123061,False,True,False,dc_SX_dg,80s_LOW_02,Met_MED_19,concert,concert,80s,Met
16,31,0.1904276283623946,False,True,False,dc_SX_dg,80s_LOW_02,Met_MED_20,concert,concert,80s,Met
16,32,0.1922494054766122,True,False,True,SC_dx,80s_LOW_02,80s_LOW_02,concert,movie,80s,80s
16,33,0.1648901581173546,False,False,True,dc_dx_SG,80s_LOW_02,80s_LOW_06,concert,movie,80s,80s
16,34,0.12257244092734672,False,False,True,dc_dx_SG,80s_LOW_02,80s_MED_08,concert,movie,80s,80s
16,35,0.13275520373316108,False,False,True,dc_dx_SG,80s_LOW_02,80s_MED_13,concert,movie,80s,80s
16,36,0.13545297285852376,False,False,False,dc_dx_dg,80s_LOW_02,Ele_LOW_09,concert,movie,80s,Ele
16,37,0.11333020370276438,False,False,False,dc_dx_dg,80s_LOW_02,Ele_LOW_14,concert,movie,80s,Ele
16,38,0.13538941721904768,False,False,False,dc_dx_dg,80s_LOW_02,Ele_MED_19,concert,movie,80s,Ele
16,39,0.16098002423001498,False,False,False,dc_dx_dg,80s_LOW_02,Ele_MED_20,concert,movie,80s,Ele
16,40,0.17521351949900685,False,False,False,dc_dx_dg,80s_LOW_02,Jaz_LOW_19,concert,movie,80s,Jaz
16,41,0.10053102481712804,False,False,False,dc_dx_dg,80s_LOW_02,Jaz_LOW_21,concert,movie,80s,Jaz
16,42,0.17206049417303804,False,False,False,dc_dx_dg,80s_LOW_02,Jaz_MED_02,concert,movie,80s,Jaz
16,43,0.2016452970636009,False,False,False,dc_dx_dg,80s_LOW_02,Jaz_MED_07,concert,movie,80s,Jaz
16,44,0.08135286432061367,False,False,False,dc_dx_dg,80s_LOW_02,Met_LOW_09,concert,movie,80s,Met
16,45,0.10873072776577931,False,False,False,dc_dx_dg,80s_LOW_02,Met_LOW_14,concert,movie,80s,Met
16,46,0.16021055441704232,False,False,False,dc_dx_dg,80s_LOW_02,Met_MED_19,concert,movie,80s,Met
16,47,0.1084860073294341,False,False,False,dc_dx_dg,80s_LOW_02,Met_MED_20,concert,movie,80s,Met
16,48,0.17036942277381203,True,False,True,SC_dx,80s_LOW_02,80s_LOW_02,concert,videogame,80s,80s
16,49,0.1040446216829872,False,False,True,dc_dx_SG,80s_LOW_02,80s_LOW_06,concert,videogame,80s,80s
16,50,0.11993859504754688,False,False,True,dc_dx_SG,80s_LOW_02,80s_MED_08,concert,videogame,80s,80s
16,51,0.1818217175535702,False,False,True,dc_dx_SG,80s_LOW_02,80s_MED_13,concert,videogame,80s,80s
16,52,0.11331802442319494,False,False,False,dc_dx_dg,80s_LOW_02,Ele_LOW_09,concert,videogame,80s,Ele
16,53,0.11228186195349922,False,False,False,dc_dx_dg,80s_LOW_02,Ele_LOW_14,concert,videogame,80s,Ele
16,54,0.15806399236809504,False,False,False,dc_dx_dg,80s_LOW_02,Ele_MED_19,concert,videogame,80s,Ele
16,55,0.12220031629912598,False,False,False,dc_dx_dg,80s_LOW_02,Ele_MED_20,concert,videogame,80s,Ele
16,56,0.08800523540508251,False,False,False,dc_dx_dg,80s_LOW_02,Jaz_LOW_19,concert,videogame,80s,Jaz
16,57,0.09956950930094992,False,False,False,dc_dx_dg,80s_LOW_02,Jaz_LOW_21,concert,videogame,80s,Jaz
16,58,0.21373896050087196,False,False,False,dc_dx_dg,80s_LOW_02,Jaz_MED_02,concert,videogame,80s,Jaz
16,59,0.1889215544672158,False,False,False,dc_dx_dg,80s_LOW_02,Jaz_MED_07,concert,videogame,80s,Jaz
16,60,0.11842088520381992,False,False,False,dc_dx_dg,80s_LOW_02,Met_LOW_09,concert,videogame,80s,Met
16,61,0.10103780107741535,False,False,False,dc_dx_dg,80s_LOW_02,Met_LOW_14,concert,videogame,80s,Met
16,62,0.07897826334752249,False,False,False,dc_dx_dg,80s_LOW_02,Met_MED_19,concert,videogame,80s,Met
16,63,0.08827530401790305,False,False,False,dc_dx_dg,80s_LOW_02,Met_MED_20,concert,videogame,80s,Met
17,18,0.17159819882150457,False,True,True,dc_SX_SG,80s_LOW_06,80s_MED_08,concert,concert,80s,80s
17,19,0.16406917837730128,False,True,True,dc_SX_SG,80s_LOW_06,80s_MED_13,concert,concert,80s,80s
17,20,0.17830647294812077,False,True,False,dc_SX_dg,80s_LOW_06,Ele_LOW_09,concert,concert,80s,Ele
17,21,0.15284054370532427,False,True,False,dc_SX_dg,80s_LOW_06,Ele_LOW_14,concert,concert,80s,Ele
17,22,0.1554652534558935,False,True,False,dc_SX_dg,80s_LOW_06,Ele_MED_19,concert,concert,80s,Ele
17,23,0.12015406852440345,False,True,False,dc_SX_dg,80s_LOW_06,Ele_MED_20,concert,concert,80s,Ele
17,24,0.15007983207771372,False,True,False,dc_SX_dg,80s_LOW_06,Jaz_LOW_19,concert,concert,80s,Jaz
17,25,0.15032856461125788,False,True,False,dc_SX_dg,80s_LOW_06,Jaz_LOW_21,concert,concert,80s,Jaz
17,26,0.12969456230673884,False,True,False,dc_SX_dg,80s_LOW_06,Jaz_MED_02,concert,concert,80s,Jaz
17,27,0.16489150132825098,False,True,False,dc_SX_dg,80s_LOW_06,Jaz_MED_07,concert,concert,80s,Jaz
17,28,0.14578587415351418,False,True,False,dc_SX_dg,80s_LOW_06,Met_LOW_09,concert,concert,80s,Met
17,29,0.1530885677581402,False,True,False,dc_SX_dg,80s_LOW_06,Met_LOW_14,concert,concert,80s,Met
17,30,0.13997385545436553,False,True,False,dc_SX_dg,80s_LOW_06,Met_MED_19,concert,concert,80s,Met
17,31,0.19583144264936042,False,True,False,dc_SX_dg,80s_LOW_06,Met_MED_20,concert,concert,80s,Met
17,32,0.12655561299097076,False,False,True,dc_dx_SG,80s_LOW_06,80s_LOW_02,concert,movie,80s,80s
17,33,0.2422544575573345,True,False,True,SC_dx,80s_LOW_06,80s_LOW_06,concert,movie,80s,80s
17,34,0.18570305654418148,False,False,True,dc_dx_SG,80s_LOW_06,80s_MED_08,concert,movie,80s,80s
17,35,0.1751327487760442,False,False,True,dc_dx_SG,80s_LOW_06,80s_MED_13,concert,movie,80s,80s
17,36,0.13438367665701972,False,False,False,dc_dx_dg,80s_LOW_06,Ele_LOW_09,concert,movie,80s,Ele
17,37,0.1270629207171587,False,False,False,dc_dx_dg,80s_LOW_06,Ele_LOW_14,concert,movie,80s,Ele
17,38,0.15967368355606246,False,False,False,dc_dx_dg,80s_LOW_06,Ele_MED_19,concert,movie,80s,Ele
17,39,0.12390412757353576,False,False,False,dc_dx_dg,80s_LOW_06,Ele_MED_20,concert,movie,80s,Ele
17,40,0.1782462654387653,False,False,False,dc_dx_dg,80s_LOW_06,Jaz_LOW_19,concert,movie,80s,Jaz
17,41,0.14171424489406031,False,False,False,dc_dx_dg,80s_LOW_06,Jaz_LOW_21,concert,movie,80s,Jaz
17,42,0.16379280419725487,False,False,False,dc_dx_dg,80s_LOW_06,Jaz_MED_02,concert,movie,80s,Jaz
17,43,0.1520197445107285,False,False,False,dc_dx_dg,80s_LOW_06,Jaz_MED_07,concert,movie,80s,Jaz
17,44,0.08621765258653542,False,False,False,dc_dx_dg,80s_LOW_06,Met_LOW_09,concert,movie,80s,Met
17,45,0.1306208533521651,False,False,False,dc_dx_dg,80s_LOW_06,Met_LOW_14,concert,movie,80s,Met
17,46,0.14861112491545897,False,False,False,dc_dx_dg,80s_LOW_06,Met_MED_19,concert,movie,80s,Met
17,47,0.16838150869438492,False,False,False,dc_dx_dg,80s_LOW_06,Met_MED_20,concert,movie,80s,Met
17,48,0.13162062430588026,False,False,True,dc_dx_SG,80s_LOW_06,80s_LOW_02,concert,videogame,80s,80s
17,49,0.16900427321469932,True,False,True,SC_dx,80s_LOW_06,80s_LOW_06,concert,videogame,80s,80s
17,50,0.20808386343745663,False,False,True,dc_dx_SG,80s_LOW_06,80s_MED_08,concert,videogame,80s,80s
17,51,0.1357560642058275,False,False,True,dc_dx_SG,80s_LOW_06,80s_MED_13,concert,videogame,80s,80s
17,52,0.15700876773476488,False,False,False,dc_dx_dg,80s_LOW_06,Ele_LOW_09,concert,videogame,80s,Ele
17,53,0.11138324662508609,False,False,False,dc_dx_dg,80s_LOW_06,Ele_LOW_14,concert,videogame,80s,Ele
17,54,0.15931642100011376,False,False,False,dc_dx_dg,80s_LOW_06,Ele_MED_19,concert,videogame,80s,Ele
17,55,0.09380653927274929,False,False,False,dc_dx_dg,80s_LOW_06,Ele_MED_20,concert,videogame,80s,Ele
17,56,0.13175126033530218,False,False,False,dc_dx_dg,80s_LOW_06,Jaz_LOW_19,concert,videogame,80s,Jaz
17,57,0.12390578387086568,False,False,False,dc_dx_dg,80s_LOW_06,Jaz_LOW_21,concert,videogame,80s,Jaz
17,58,0.15589492168703387,False,False,False,dc_dx_dg,80s_LOW_06,Jaz_MED_02,concert,videogame,80s,Jaz
17,59,0.16547540241350323,False,False,False,dc_dx_dg,80s_LOW_06,Jaz_MED_07,concert,videogame,80s,Jaz
17,60,0.11261605407257132,False,False,False,dc_dx_dg,80s_LOW_06,Met_LOW_09,concert,videogame,80s,Met
17,61,0.11581000430987785,False,False,False,dc_dx_dg,80s_LOW_06,Met_LOW_14,concert,videogame,80s,Met
17,62,0.1421055444292091,False,False,False,dc_dx_dg,80s_LOW_06,Met_MED_19,concert,videogame,80s,Met
17,63,0.10658999277597096,False,False,False,dc_dx_dg,80s_LOW_06,Met_MED_20,concert,videogame,80s,Met
18,19,0.1218494448960982,False,True,True,dc_SX_SG,80s_MED_08,80s_MED_13,concert,concert,80s,80s
18,20,0.15100489556759925,False,True,False,dc_SX_dg,80s_MED_08,Ele_LOW_09,concert,concert,80s,Ele
18,21,0.14472256572396125,False,True,False,dc_SX_dg,80s_MED_08,Ele_LOW_14,concert,concert,80s,Ele
18,22,0.11761283126166787,False,True,False,dc_SX_dg,80s_MED_08,Ele_MED_19,concert,concert,80s,Ele
18,23,0.0868463050429643,False,True,False,dc_SX_dg,80s_MED_08,Ele_MED_20,concert,concert,80s,Ele
18,24,0.13434056513871,False,True,False,dc_SX_dg,80s_MED_08,Jaz_LOW_19,concert,concert,80s,Jaz
18,25,0.14372402558572034,False,True,False,dc_SX_dg,80s_MED_08,Jaz_LOW_21,concert,concert,80s,Jaz
18,26,0.11754443099014443,False,True,False,dc_SX_dg,80s_MED_08,Jaz_MED_02,concert,concert,80s,Jaz
18,27,0.1995799657084895,False,True,False,dc_SX_dg,80s_MED_08,Jaz_MED_07,concert,concert,80s,Jaz
18,28,0.13787273769488184,False,True,False,dc_SX_dg,80s_MED_08,Met_LOW_09,concert,concert,80s,Met
18,29,0.1335440310154505,False,True,False,dc_SX_dg,80s_MED_08,Met_LOW_14,concert,concert,80s,Met
18,30,0.10830671577988459,False,True,False,dc_SX_dg,80s_MED_08,Met_MED_19,concert,concert,80s,Met
18,31,0.13830545152368612,False,True,False,dc_SX_dg,80s_MED_08,Met_MED_20,concert,concert,80s,Met
18,32,0.15306760184002743,False,False,True,dc_dx_SG,80s_MED_08,80s_LOW_02,concert,movie,80s,80s
18,33,0.18626035956155398,False,False,True,dc_dx_SG,80s_MED_08,80s_LOW_06,concert,movie,80s,80s
18,34,0.16534475404032672,True,False,True,SC_dx,80s_MED_08,80s_MED_08,concert,movie,80s,80s
18,35,0.1519920747581543,False,False,True,dc_dx_SG,80s_MED_08,80s_MED_13,concert,movie,80s,80s
18,36,0.11357627857148032,False,False,False,dc_dx_dg,80s_MED_08,Ele_LOW_09,concert,movie,80s,Ele
18,37,0.13988284470810225,False,False,False,dc_dx_dg,80s_MED_08,Ele_LOW_14,concert,movie,80s,Ele
18,38,0.1350287811132985,False,False,False,dc_dx_dg,80s_MED_08,Ele_MED_19,concert,movie,80s,Ele
18,39,0.1294815418100396,False,False,False,dc_dx_dg,80s_MED_08,Ele_MED_20,concert,movie,80s,Ele
18,40,0.17053880225077075,False,False,False,dc_dx_dg,80s_MED_08,Jaz_LOW_19,concert,movie,80s,Jaz
18,41,0.17692049185216474,False,False,False,dc_dx_dg,80s_MED_08,Jaz_LOW_21,concert,movie,80s,Jaz
18,42,0.15064159872877006,False,False,False,dc_dx_dg,80s_MED_08,Jaz_MED_02,concert,movie,80s,Jaz
18,43,0.13670602920397185,False,False,False,dc_dx_dg,80s_MED_08,Jaz_MED_07,concert,movie,80s,Jaz
18,44,0.09547664899643114,False,False,False,dc_dx_dg,80s_MED_08,Met_LOW_09,concert,movie,80s,Met
18,45,0.09402520665857902,False,False,False,dc_dx_dg,80s_MED_08,Met_LOW_14,concert,movie,80s,Met
18,46,0.14762451131083948,False,False,False,dc_dx_dg,80s_MED_08,Met_MED_19,concert,movie,80s,Met
18,47,0.13178225318166747,False,False,False,dc_dx_dg,80s_MED_08,Met_MED_20,concert,movie,80s,Met
18,48,0.13275401020353986,False,False,True,dc_dx_SG,80s_MED_08,80s_LOW_02,concert,videogame,80s,80s
18,49,0.20796214833870025,False,False,True,dc_dx_SG,80s_MED_08,80s_LOW_06,concert,videogame,80s,80s
18,50,0.1751956680476096,True,False,True,SC_dx,80s_MED_08,80s_MED_08,concert,videogame,80s,80s
18,51,0.14091874288922054,False,False,True,dc_dx_SG,80s_MED_08,80s_MED_13,concert,videogame,80s,80s
18,52,0.11792170669823315,False,False,False,dc_dx_dg,80s_MED_08,Ele_LOW_09,concert,videogame,80s,Ele
18,53,0.11580188159107468,False,False,False,dc_dx_dg,80s_MED_08,Ele_LOW_14,concert,videogame,80s,Ele
18,54,0.12641647737480904,False,False,False,dc_dx_dg,80s_MED_08,Ele_MED_19,concert,videogame,80s,Ele
18,55,0.09626542501312618,False,False,False,dc_dx_dg,80s_MED_08,Ele_MED_20,concert,videogame,80s,Ele
18,56,0.13127540456155296,False,False,False,dc_dx_dg,80s_MED_08,Jaz_LOW_19,concert,videogame,80s,Jaz
18,57,0.1397206891213968,False,False,False,dc_dx_dg,80s_MED_08,Jaz_LOW_21,concert,videogame,80s,Jaz
18,58,0.1287579147478027,False,False,False,dc_dx_dg,80s_MED_08,Jaz_MED_02,concert,videogame,80s,Jaz
18,59,0.15534008540041772,False,False,False,dc_dx_dg,80s_MED_08,Jaz_MED_07,concert,videogame,80s,Jaz
18,60,0.12900441531481954,False,False,False,dc_dx_dg,80s_MED_08,Met_LOW_09,concert,videogame,80s,Met
18,61,0.1266776874486338,False,False,False,dc_dx_dg,80s_MED_08,Met_LOW_14,concert,videogame,80s,Met
18,62,0.09178222968577475,False,False,False,dc_dx_dg,80s_MED_08,Met_MED_19,concert,videogame,80s,Met
18,63,0.1357296054835487,False,False,False,dc_dx_dg,80s_MED_08,Met_MED_20,concert,videogame,80s,Met
19,20,0.1443664133383788,False,True,False,dc_SX_dg,80s_MED_13,Ele_LOW_09,concert,concert,80s,Ele
19,21,0.128214263407537,False,True,False,dc_SX_dg,80s_MED_13,Ele_LOW_14,concert,concert,80s,Ele
19,22,0.16958906823694272,False,True,False,dc_SX_dg,80s_MED_13,Ele_MED_19,concert,concert,80s,Ele
19,23,0.14954236162666928,False,True,False,dc_SX_dg,80s_MED_13,Ele_MED_20,concert,concert,80s,Ele
19,24,0.13462164686749126,False,True,False,dc_SX_dg,80s_MED_13,Jaz_LOW_19,concert,concert,80s,Jaz
19,25,0.1121828766246144,False,True,False,dc_SX_dg,80s_MED_13,Jaz_LOW_21,concert,concert,80s,Jaz
19,26,0.18077561821107313,False,True,False,dc_SX_dg,80s_MED_13,Jaz_MED_02,concert,concert,80s,Jaz
19,27,0.1572578600077917,False,True,False,dc_SX_dg,80s_MED_13,Jaz_MED_07,concert,concert,80s,Jaz
19,28,0.1263750018649066,False,True,False,dc_SX_dg,80s_MED_13,Met_LOW_09,concert,concert,80s,Met
19,29,0.15779179165399904,False,True,False,dc_SX_dg,80s_MED_13,Met_LOW_14,concert,concert,80s,Met
19,30,0.12909937019988152,False,True,False,dc_SX_dg,80s_MED_13,Met_MED_19,concert,concert,80s,Met
19,31,0.14977147188240272,False,True,False,dc_SX_dg,80s_MED_13,Met_MED_20,concert,concert,80s,Met
19,32,0.13164154561248623,False,False,True,dc_dx_SG,80s_MED_13,80s_LOW_02,concert,movie,80s,80s
19,33,0.16519196587555432,False,False,True,dc_dx_SG,80s_MED_13,80s_LOW_06,concert,movie,80s,80s
19,34,0.13670625442379117,False,False,True,dc_dx_SG,80s_MED_13,80s_MED_08,concert,movie,80s,80s
19,35,0.1666485473999941,True,False,True,SC_dx,80s_MED_13,80s_MED_13,concert,movie,80s,80s
19,36,0.15665652055551915,False,False,False,dc_dx_dg,80s_MED_13,Ele_LOW_09,concert,movie,80s,Ele
19,37,0.10044569953072914,False,False,False,dc_dx_dg,80s_MED_13,Ele_LOW_14,concert,movie,80s,Ele
19,38,0.12725611832300293,False,False,False,dc_dx_dg,80s_MED_13,Ele_MED_19,concert,movie,80s,Ele
19,39,0.13722315021208603,False,False,False,dc_dx_dg,80s_MED_13,Ele_MED_20,concert,movie,80s,Ele
19,40,0.12768002877744233,False,False,False,dc_dx_dg,80s_MED_13,Jaz_LOW_19,concert,movie,80s,Jaz
19,41,0.12011997230564925,False,False,False,dc_dx_dg,80s_MED_13,Jaz_LOW_21,concert,movie,80s,Jaz
19,42,0.18861406650107565,False,False,False,dc_dx_dg,80s_MED_13,Jaz_MED_02,concert,movie,80s,Jaz
19,43,0.1608213221537771,False,False,False,dc_dx_dg,80s_MED_13,Jaz_MED_07,concert,movie,80s,Jaz
19,44,0.10453699845718303,False,False,False,dc_dx_dg,80s_MED_13,Met_LOW_09,concert,movie,80s,Met
19,45,0.1066048968872866,False,False,False,dc_dx_dg,80s_MED_13,Met_LOW_14,concert,movie,80s,Met
19,46,0.13358774450450295,False,False,False,dc_dx_dg,80s_MED_13,Met_MED_19,concert,movie,80s,Met
19,47,0.12685097482636395,False,False,False,dc_dx_dg,80s_MED_13,Met_MED_20,concert,movie,80s,Met
19,48,0.14445450970491125,False,False,True,dc_dx_SG,80s_MED_13,80s_LOW_02,concert,videogame,80s,80s
19,49,0.11942606415067708,False,False,True,dc_dx_SG,80s_MED_13,80s_LOW_06,concert,videogame,80s,80s
19,50,0.09961468205146091,False,False,True,dc_dx_SG,80s_MED_13,80s_MED_08,concert,videogame,80s,80s
19,51,0.15605138423553438,True,False,True,SC_dx,80s_MED_13,80s_MED_13,concert,videogame,80s,80s
19,52,0.11909101504982567,False,False,False,dc_dx_dg,80s_MED_13,Ele_LOW_09,concert,videogame,80s,Ele
19,53,0.12408160483456711,False,False,False,dc_dx_dg,80s_MED_13,Ele_LOW_14,concert,videogame,80s,Ele
19,54,0.14589393203683318,False,False,False,dc_dx_dg,80s_MED_13,Ele_MED_19,concert,videogame,80s,Ele
19,55,0.13276223138076493,False,False,False,dc_dx_dg,80s_MED_13,Ele_MED_20,concert,videogame,80s,Ele
19,56,0.1273990367966512,False,False,False,dc_dx_dg,80s_MED_13,Jaz_LOW_19,concert,videogame,80s,Jaz
19,57,0.11984682021127148,False,False,False,dc_dx_dg,80s_MED_13,Jaz_LOW_21,concert,videogame,80s,Jaz
19,58,0.15582444224208608,False,False,False,dc_dx_dg,80s_MED_13,Jaz_MED_02,concert,videogame,80s,Jaz
19,59,0.1744839358754532,False,False,False,dc_dx_dg,80s_MED_13,Jaz_MED_07,concert,videogame,80s,Jaz
19,60,0.13990358703514272,False,False,False,dc_dx_dg,80s_MED_13,Met_LOW_09,concert,videogame,80s,Met
19,61,0.10815873650131305,False,False,False,dc_dx_dg,80s_MED_13,Met_LOW_14,concert,videogame,80s,Met
19,62,0.1095500358032793,False,False,False,dc_dx_dg,80s_MED_13,Met_MED_19,concert,videogame,80s,Met
19,63,0.07324716630775986,False,False,False,dc_dx_dg,80s_MED_13,Met_MED_20,concert,videogame,80s,Met
20,21,0.23087431749613876,False,True,True,dc_SX_SG,Ele_LOW_09,Ele_LOW_14,concert,concert,Ele,Ele
20,22,0.17674254170158266,False,True,True,dc_SX_SG,Ele_LOW_09,Ele_MED_19,concert,concert,Ele,Ele
20,23,0.120838732974022,False,True,True,dc_SX_SG,Ele_LOW_09,Ele_MED_20,concert,concert,Ele,Ele
20,24,0.1563843742323366,False,True,False,dc_SX_dg,Ele_LOW_09,Jaz_LOW_19,concert,concert,Ele,Jaz
20,25,0.14976982017348575,False,True,False,dc_SX_dg,Ele_LOW_09,Jaz_LOW_21,concert,concert,Ele,Jaz
20,26,0.1257197311744778,False,True,False,dc_SX_dg,Ele_LOW_09,Jaz_MED_02,concert,concert,Ele,Jaz
20,27,0.1526495147266279,False,True,False,dc_SX_dg,Ele_LOW_09,Jaz_MED_07,concert,concert,Ele,Jaz
20,28,0.18393070523836702,False,True,False,dc_SX_dg,Ele_LOW_09,Met_LOW_09,concert,concert,Ele,Met
20,29,0.19175456942522223,False,True,False,dc_SX_dg,Ele_LOW_09,Met_LOW_14,concert,concert,Ele,Met
20,30,0.1809622166135455,False,True,False,dc_SX_dg,Ele_LOW_09,Met_MED_19,concert,concert,Ele,Met
20,31,0.22071319754419352,False,True,False,dc_SX_dg,Ele_LOW_09,Met_MED_20,concert,concert,Ele,Met
20,32,0.1083933854474685,False,False,False,dc_dx_dg,Ele_LOW_09,80s_LOW_02,concert,movie,Ele,80s
20,33,0.15449909567394227,False,False,False,dc_dx_dg,Ele_LOW_09,80s_LOW_06,concert,movie,Ele,80s
20,34,0.0993666151483737,False,False,False,dc_dx_dg,Ele_LOW_09,80s_MED_08,concert,movie,Ele,80s
20,35,0.12527656437009008,False,False,False,dc_dx_dg,Ele_LOW_09,80s_MED_13,concert,movie,Ele,80s
20,36,0.17732543442125007,True,False,True,SC_dx,Ele_LOW_09,Ele_LOW_09,concert,movie,Ele,Ele
20,37,0.1406726910630868,False,False,True,dc_dx_SG,Ele_LOW_09,Ele_LOW_14,concert,movie,Ele,Ele
20,38,0.13017121672991264,False,False,True,dc_dx_SG,Ele_LOW_09,Ele_MED_19,concert,movie,Ele,Ele
20,39,0.1336825072283439,False,False,True,dc_dx_SG,Ele_LOW_09,Ele_MED_20,concert,movie,Ele,Ele
20,40,0.15477934010943492,False,False,False,dc_dx_dg,Ele_LOW_09,Jaz_LOW_19,concert,movie,Ele,Jaz
20,41,0.11362189433769407,False,False,False,dc_dx_dg,Ele_LOW_09,Jaz_LOW_21,concert,movie,Ele,Jaz
20,42,0.11904991466366438,False,False,False,dc_dx_dg,Ele_LOW_09,Jaz_MED_02,concert,movie,Ele,Jaz
20,43,0.09885068964337365,False,False,False,dc_dx_dg,Ele_LOW_09,Jaz_MED_07,concert,movie,Ele,Jaz
20,44,0.16263584194732844,False,False,False,dc_dx_dg,Ele_LOW_09,Met_LOW_09,concert,movie,Ele,Met
20,45,0.1321663734336056,False,False,False,dc_dx_dg,Ele_LOW_09,Met_LOW_14,concert,movie,Ele,Met
20,46,0.17809688884881272,False,False,False,dc_dx_dg,Ele_LOW_09,Met_MED_19,concert,movie,Ele,Met
20,47,0.16699880493569216,False,False,False,dc_dx_dg,Ele_LOW_09,Met_MED_20,concert,movie,Ele,Met
20,48,0.126317188431422,False,False,False,dc_dx_dg,Ele_LOW_09,80s_LOW_02,concert,videogame,Ele,80s
20,49,0.16037719255742852,False,False,False,dc_dx_dg,Ele_LOW_09,80s_LOW_06,concert,videogame,Ele,80s
20,50,0.12999070951828554,False,False,False,dc_dx_dg,Ele_LOW_09,80s_MED_08,concert,videogame,Ele,80s
20,51,0.14446618890347696,False,False,False,dc_dx_dg,Ele_LOW_09,80s_MED_13,concert,videogame,Ele,80s
20,52,0.24497591633545227,True,False,True,SC_dx,Ele_LOW_09,Ele_LOW_09,concert,videogame,Ele,Ele
20,53,0.16968529584136502,False,False,True,dc_dx_SG,Ele_LOW_09,Ele_LOW_14,concert,videogame,Ele,Ele
20,54,0.11754181375599673,False,False,True,dc_dx_SG,Ele_LOW_09,Ele_MED_19,concert,videogame,Ele,Ele
20,55,0.12622583743842097,False,False,True,dc_dx_SG,Ele_LOW_09,Ele_MED_20,concert,videogame,Ele,Ele
20,56,0.12142284943173899,False,False,False,dc_dx_dg,Ele_LOW_09,Jaz_LOW_19,concert,videogame,Ele,Jaz
20,57,0.14432061779541003,False,False,False,dc_dx_dg,Ele_LOW_09,Jaz_LOW_21,concert,videogame,Ele,Jaz
20,58,0.1247616170125112,False,False,False,dc_dx_dg,Ele_LOW_09,Jaz_MED_02,concert,videogame,Ele,Jaz
20,59,0.12426070741307797,False,False,False,dc_dx_dg,Ele_LOW_09,Jaz_MED_07,concert,videogame,Ele,Jaz
20,60,0.18796633172354915,False,False,False,dc_dx_dg,Ele_LOW_09,Met_LOW_09,concert,videogame,Ele,Met
20,61,0.16185773856538502,False,False,False,dc_dx_dg,Ele_LOW_09,Met_LOW_14,concert,videogame,Ele,Met
20,62,0.15761161368227852,False,False,False,dc_dx_dg,Ele_LOW_09,Met_MED_19,concert,videogame,Ele,Met
20,63,0.11806616133750951,False,False,False,dc_dx_dg,Ele_LOW_09,Met_MED_20,concert,videogame,Ele,Met
21,22,0.15752704441756854,False,True,True,dc_SX_SG,Ele_LOW_14,Ele_MED_19,concert,concert,Ele,Ele
21,23,0.11803301761468447,False,True,True,dc_SX_SG,Ele_LOW_14,Ele_MED_20,concert,concert,Ele,Ele
21,24,0.14801641314731892,False,True,False,dc_SX_dg,Ele_LOW_14,Jaz_LOW_19,concert,concert,Ele,Jaz
21,25,0.11411624726559062,False,True,False,dc_SX_dg,Ele_LOW_14,Jaz_LOW_21,concert,concert,Ele,Jaz
21,26,0.10617951098774003,False,True,False,dc_SX_dg,Ele_LOW_14,Jaz_MED_02,concert,concert,Ele,Jaz
21,27,0.13839213713348722,False,True,False,dc_SX_dg,Ele_LOW_14,Jaz_MED_07,concert,concert,Ele,Jaz
21,28,0.14612004377715715,False,True,False,dc_SX_dg,Ele_LOW_14,Met_LOW_09,concert,concert,Ele,Met
21,29,0.18616678124467637,False,True,False,dc_SX_dg,Ele_LOW_14,Met_LOW_14,concert,concert,Ele,Met
21,30,0.125409847229891,False,True,False,dc_SX_dg,Ele_LOW_14,Met_MED_19,concert,concert,Ele,Met
21,31,0.19425418048606993,False,True,False,dc_SX_dg,Ele_LOW_14,Met_MED_20,concert,concert,Ele,Met
21,32,0.10806187304841716,False,False,False,dc_dx_dg,Ele_LOW_14,80s_LOW_02,concert,movie,Ele,80s
21,33,0.13367072253055398,False,False,False,dc_dx_dg,Ele_LOW_14,80s_LOW_06,concert,movie,Ele,80s
21,34,0.12417466625934513,False,False,False,dc_dx_dg,Ele_LOW_14,80s_MED_08,concert,movie,Ele,80s
21,35,0.11186418597331313,False,False,False,dc_dx_dg,Ele_LOW_14,80s_MED_13,concert,movie,Ele,80s
21,36,0.177774451649979,False,False,True,dc_dx_SG,Ele_LOW_14,Ele_LOW_09,concert,movie,Ele,Ele
21,37,0.2425023965266663,True,False,True,SC_dx,Ele_LOW_14,Ele_LOW_14,concert,movie,Ele,Ele
21,38,0.1311740280368611,False,False,True,dc_dx_SG,Ele_LOW_14,Ele_MED_19,concert,movie,Ele,Ele
21,39,0.12303221979845749,False,False,True,dc_dx_SG,Ele_LOW_14,Ele_MED_20,concert,movie,Ele,Ele
21,40,0.19478935968117034,False,False,False,dc_dx_dg,Ele_LOW_14,Jaz_LOW_19,concert,movie,Ele,Jaz
21,41,0.10530860905115573,False,False,False,dc_dx_dg,Ele_LOW_14,Jaz_LOW_21,concert,movie,Ele,Jaz
21,42,0.13537184179233666,False,False,False,dc_dx_dg,Ele_LOW_14,Jaz_MED_02,concert,movie,Ele,Jaz
21,43,0.121791190654373,False,False,False,dc_dx_dg,Ele_LOW_14,Jaz_MED_07,concert,movie,Ele,Jaz
21,44,0.11517969099245805,False,False,False,dc_dx_dg,Ele_LOW_14,Met_LOW_09,concert,movie,Ele,Met
21,45,0.15637261217023515,False,False,False,dc_dx_dg,Ele_LOW_14,Met_LOW_14,concert,movie,Ele,Met
21,46,0.1828374666061373,False,False,False,dc_dx_dg,Ele_LOW_14,Met_MED_19,concert,movie,Ele,Met
21,47,0.1423060760586674,False,False,False,dc_dx_dg,Ele_LOW_14,Met_MED_20,concert,movie,Ele,Met
21,48,0.11866143490192557,False,False,False,dc_dx_dg,Ele_LOW_14,80s_LOW_02,concert,videogame,Ele,80s
21,49,0.1452978771044719,False,False,False,dc_dx_dg,Ele_LOW_14,80s_LOW_06,concert,videogame,Ele,80s
21,50,0.13872565688259464,False,False,False,dc_dx_dg,Ele_LOW_14,80s_MED_08,concert,videogame,Ele,80s
21,51,0.15600556042185434,False,False,False,dc_dx_dg,Ele_LOW_14,80s_MED_13,concert,videogame,Ele,80s
21,52,0.25480628435246505,False,False,True,dc_dx_SG,Ele_LOW_14,Ele_LOW_09,concert,videogame,Ele,Ele
21,53,0.25291657078895413,True,False,True,SC_dx,Ele_LOW_14,Ele_LOW_14,concert,videogame,Ele,Ele
21,54,0.11538949909698007,False,False,True,dc_dx_SG,Ele_LOW_14,Ele_MED_19,concert,videogame,Ele,Ele
21,55,0.10624148710104607,False,False,True,dc_dx_SG,Ele_LOW_14,Ele_MED_20,concert,videogame,Ele,Ele
21,56,0.14620721954531077,False,False,False,dc_dx_dg,Ele_LOW_14,Jaz_LOW_19,concert,videogame,Ele,Jaz
21,57,0.12236941050097842,False,False,False,dc_dx_dg,Ele_LOW_14,Jaz_LOW_21,concert,videogame,Ele,Jaz
21,58,0.14548900520256874,False,False,False,dc_dx_dg,Ele_LOW_14,Jaz_MED_02,concert,videogame,Ele,Jaz
21,59,0.11860155634582097,False,False,False,dc_dx_dg,Ele_LOW_14,Jaz_MED_07,concert,videogame,Ele,Jaz
21,60,0.1698297350557423,False,False,False,dc_dx_dg,Ele_LOW_14,Met_LOW_09,concert,videogame,Ele,Met
21,61,0.16892300356907536,False,False,False,dc_dx_dg,Ele_LOW_14,Met_LOW_14,concert,videogame,Ele,Met
21,62,0.12174418487175827,False,False,False,dc_dx_dg,Ele_LOW_14,Met_MED_19,concert,videogame,Ele,Met
21,63,0.13173902800947096,False,False,False,dc_dx_dg,Ele_LOW_14,Met_MED_20,concert,videogame,Ele,Met
22,23,0.1215128021774259,False,True,True,dc_SX_SG,Ele_MED_19,Ele_MED_20,concert,concert,Ele,Ele
22,24,0.13693431369525771,False,True,False,dc_SX_dg,Ele_MED_19,Jaz_LOW_19,concert,concert,Ele,Jaz
22,25,0.11608910672885057,False,True,False,dc_SX_dg,Ele_MED_19,Jaz_LOW_21,concert,concert,Ele,Jaz
22,26,0.16045308212338355,False,True,False,dc_SX_dg,Ele_MED_19,Jaz_MED_02,concert,concert,Ele,Jaz
22,27,0.16381790231955068,False,True,False,dc_SX_dg,Ele_MED_19,Jaz_MED_07,concert,concert,Ele,Jaz
22,28,0.1604474822981289,False,True,False,dc_SX_dg,Ele_MED_19,Met_LOW_09,concert,concert,Ele,Met
22,29,0.15936250179840822,False,True,False,dc_SX_dg,Ele_MED_19,Met_LOW_14,concert,concert,Ele,Met
22,30,0.14040729404386595,False,True,False,dc_SX_dg,Ele_MED_19,Met_MED_19,concert,concert,Ele,Met
22,31,0.18160086652401053,False,True,False,dc_SX_dg,Ele_MED_19,Met_MED_20,concert,concert,Ele,Met
22,32,0.1607872719374599,False,False,False,dc_dx_dg,Ele_MED_19,80s_LOW_02,concert,movie,Ele,80s
22,33,0.13035389504573625,False,False,False,dc_dx_dg,Ele_MED_19,80s_LOW_06,concert,movie,Ele,80s
22,34,0.16970579182332995,False,False,False,dc_dx_dg,Ele_MED_19,80s_MED_08,concert,movie,Ele,80s
22,35,0.13790436664123631,False,False,False,dc_dx_dg,Ele_MED_19,80s_MED_13,concert,movie,Ele,80s
22,36,0.17158937373001432,False,False,True,dc_dx_SG,Ele_MED_19,Ele_LOW_09,concert,movie,Ele,Ele
22,37,0.12964772362521618,False,False,True,dc_dx_SG,Ele_MED_19,Ele_LOW_14,concert,movie,Ele,Ele
22,38,0.19889292644838724,True,False,True,SC_dx,Ele_MED_19,Ele_MED_19,concert,movie,Ele,Ele
22,39,0.14492679669962946,False,False,True,dc_dx_SG,Ele_MED_19,Ele_MED_20,concert,movie,Ele,Ele
22,40,0.13140663988438867,False,False,False,dc_dx_dg,Ele_MED_19,Jaz_LOW_19,concert,movie,Ele,Jaz
22,41,0.08646927860411453,False,False,False,dc_dx_dg,Ele_MED_19,Jaz_LOW_21,concert,movie,Ele,Jaz
22,42,0.16413257163694855,False,False,False,dc_dx_dg,Ele_MED_19,Jaz_MED_02,concert,movie,Ele,Jaz
22,43,0.17469653003568164,False,False,False,dc_dx_dg,Ele_MED_19,Jaz_MED_07,concert,movie,Ele,Jaz
22,44,0.12048463077853279,False,False,False,dc_dx_dg,Ele_MED_19,Met_LOW_09,concert,movie,Ele,Met
22,45,0.09639533529101241,False,False,False,dc_dx_dg,Ele_MED_19,Met_LOW_14,concert,movie,Ele,Met
22,46,0.13191671430654986,False,False,False,dc_dx_dg,Ele_MED_19,Met_MED_19,concert,movie,Ele,Met
22,47,0.1403882339235875,False,False,False,dc_dx_dg,Ele_MED_19,Met_MED_20,concert,movie,Ele,Met
22,48,0.2064050242313115,False,False,False,dc_dx_dg,Ele_MED_19,80s_LOW_02,concert,videogame,Ele,80s
22,49,0.1236968188537089,False,False,False,dc_dx_dg,Ele_MED_19,80s_LOW_06,concert,videogame,Ele,80s
22,50,0.11897861319789203,False,False,False,dc_dx_dg,Ele_MED_19,80s_MED_08,concert,videogame,Ele,80s
22,51,0.1683573158499316,False,False,False,dc_dx_dg,Ele_MED_19,80s_MED_13,concert,videogame,Ele,80s
22,52,0.14735678823272333,False,False,True,dc_dx_SG,Ele_MED_19,Ele_LOW_09,concert,videogame,Ele,Ele
22,53,0.10213176222428579,False,False,True,dc_dx_SG,Ele_MED_19,Ele_LOW_14,concert,videogame,Ele,Ele
22,54,0.1909333925773722,True,False,True,SC_dx,Ele_MED_19,Ele_MED_19,concert,videogame,Ele,Ele
22,55,0.13119505630751774,False,False,True,dc_dx_SG,Ele_MED_19,Ele_MED_20,concert,videogame,Ele,Ele
22,56,0.12819655293495413,False,False,False,dc_dx_dg,Ele_MED_19,Jaz_LOW_19,concert,videogame,Ele,Jaz
22,57,0.10770322758959171,False,False,False,dc_dx_dg,Ele_MED_19,Jaz_LOW_21,concert,videogame,Ele,Jaz
22,58,0.1481532239096938,False,False,False,dc_dx_dg,Ele_MED_19,Jaz_MED_02,concert,videogame,Ele,Jaz
22,59,0.1793689253832155,False,False,False,dc_dx_dg,Ele_MED_19,Jaz_MED_07,concert,videogame,Ele,Jaz
22,60,0.1499509010527983,False,False,False,dc_dx_dg,Ele_MED_19,Met_LOW_09,concert,videogame,Ele,Met
22,61,0.1081028955921595,False,False,False,dc_dx_dg,Ele_MED_19,Met_LOW_14,concert,videogame,Ele,Met
22,62,0.11922199276418483,False,False,False,dc_dx_dg,Ele_MED_19,Met_MED_19,concert,videogame,Ele,Met
22,63,0.09811980288596032,False,False,False,dc_dx_dg,Ele_MED_19,Met_MED_20,concert,videogame,Ele,Met
23,24,0.10937226267611545,False,True,False,dc_SX_dg,Ele_MED_20,Jaz_LOW_19,concert,concert,Ele,Jaz
23,25,0.0825926905086874,False,True,False,dc_SX_dg,Ele_MED_20,Jaz_LOW_21,concert,concert,Ele,Jaz
23,26,0.09927695989427474,False,True,False,dc_SX_dg,Ele_MED_20,Jaz_MED_02,concert,concert,Ele,Jaz
23,27,0.11138550846784022,False,True,False,dc_SX_dg,Ele_MED_20,Jaz_MED_07,concert,concert,Ele,Jaz
23,28,0.12595936391206045,False,True,False,dc_SX_dg,Ele_MED_20,Met_LOW_09,concert,concert,Ele,Met
23,29,0.11024971659175614,False,True,False,dc_SX_dg,Ele_MED_20,Met_LOW_14,concert,concert,Ele,Met
23,30,0.1117918931024238,False,True,False,dc_SX_dg,Ele_MED_20,Met_MED_19,concert,concert,Ele,Met
23,31,0.13835185362008237,False,True,False,dc_SX_dg,Ele_MED_20,Met_MED_20,concert,concert,Ele,Met
23,32,0.11636023108666113,False,False,False,dc_dx_dg,Ele_MED_20,80s_LOW_02,concert,movie,Ele,80s
23,33,0.10645714467882368,False,False,False,dc_dx_dg,Ele_MED_20,80s_LOW_06,concert,movie,Ele,80s
23,34,0.10406442832890407,False,False,False,dc_dx_dg,Ele_MED_20,80s_MED_08,concert,movie,Ele,80s
23,35,0.14017450228182038,False,False,False,dc_dx_dg,Ele_MED_20,80s_MED_13,concert,movie,Ele,80s
23,36,0.144551512159993,False,False,True,dc_dx_SG,Ele_MED_20,Ele_LOW_09,concert,movie,Ele,Ele
23,37,0.10779465913176861,False,False,True,dc_dx_SG,Ele_MED_20,Ele_LOW_14,concert,movie,Ele,Ele
23,38,0.12071941567049123,False,False,True,dc_dx_SG,Ele_MED_20,Ele_MED_19,concert,movie,Ele,Ele
23,39,0.18676908062211514,True,False,True,SC_dx,Ele_MED_20,Ele_MED_20,concert,movie,Ele,Ele
23,40,0.0862573747959686,False,False,False,dc_dx_dg,Ele_MED_20,Jaz_LOW_19,concert,movie,Ele,Jaz
23,41,0.12153726626948541,False,False,False,dc_dx_dg,Ele_MED_20,Jaz_LOW_21,concert,movie,Ele,Jaz
23,42,0.12171598464343707,False,False,False,dc_dx_dg,Ele_MED_20,Jaz_MED_02,concert,movie,Ele,Jaz
23,43,0.10531596153332251,False,False,False,dc_dx_dg,Ele_MED_20,Jaz_MED_07,concert,movie,Ele,Jaz
23,44,0.08710885012855415,False,False,False,dc_dx_dg,Ele_MED_20,Met_LOW_09,concert,movie,Ele,Met
23,45,0.10827158120896083,False,False,False,dc_dx_dg,Ele_MED_20,Met_LOW_14,concert,movie,Ele,Met
23,46,0.1097362631860084,False,False,False,dc_dx_dg,Ele_MED_20,Met_MED_19,concert,movie,Ele,Met
23,47,0.12598725215490436,False,False,False,dc_dx_dg,Ele_MED_20,Met_MED_20,concert,movie,Ele,Met
23,48,0.13705337594589873,False,False,False,dc_dx_dg,Ele_MED_20,80s_LOW_02,concert,videogame,Ele,80s
23,49,0.09743499861103355,False,False,False,dc_dx_dg,Ele_MED_20,80s_LOW_06,concert,videogame,Ele,80s
23,50,0.08928805572436942,False,False,False,dc_dx_dg,Ele_MED_20,80s_MED_08,concert,videogame,Ele,80s
23,51,0.15716062352116034,False,False,False,dc_dx_dg,Ele_MED_20,80s_MED_13,concert,videogame,Ele,80s
23,52,0.1421284566446358,False,False,True,dc_dx_SG,Ele_MED_20,Ele_LOW_09,concert,videogame,Ele,Ele
23,53,0.10513275324714695,False,False,True,dc_dx_SG,Ele_MED_20,Ele_LOW_14,concert,videogame,Ele,Ele
23,54,0.1239979594465173,False,False,True,dc_dx_SG,Ele_MED_20,Ele_MED_19,concert,videogame,Ele,Ele
23,55,0.18522046613645476,True,False,True,SC_dx,Ele_MED_20,Ele_MED_20,concert,videogame,Ele,Ele
23,56,0.08022862135639618,False,False,False,dc_dx_dg,Ele_MED_20,Jaz_LOW_19,concert,videogame,Ele,Jaz
23,57,0.10117509775747456,False,False,False,dc_dx_dg,Ele_MED_20,Jaz_LOW_21,concert,videogame,Ele,Jaz
23,58,0.09954885093452899,False,False,False,dc_dx_dg,Ele_MED_20,Jaz_MED_02,concert,videogame,Ele,Jaz
23,59,0.1192282554478555,False,False,False,dc_dx_dg,Ele_MED_20,Jaz_MED_07,concert,videogame,Ele,Jaz
23,60,0.10185389822861451,False,False,False,dc_dx_dg,Ele_MED_20,Met_LOW_09,concert,videogame,Ele,Met
23,61,0.08673271402350831,False,False,False,dc_dx_dg,Ele_MED_20,Met_LOW_14,concert,videogame,Ele,Met
23,62,0.08326322301736523,False,False,False,dc_dx_dg,Ele_MED_20,Met_MED_19,concert,videogame,Ele,Met
23,63,0.08829776466330531,False,False,False,dc_dx_dg,Ele_MED_20,Met_MED_20,concert,videogame,Ele,Met
24,25,0.12633155771505625,False,True,True,dc_SX_SG,Jaz_LOW_19,Jaz_LOW_21,concert,concert,Jaz,Jaz
24,26,0.1672982133209707,False,True,True,dc_SX_SG,Jaz_LOW_19,Jaz_MED_02,concert,concert,Jaz,Jaz
24,27,0.195129803480187,False,True,True,dc_SX_SG,Jaz_LOW_19,Jaz_MED_07,concert,concert,Jaz,Jaz
24,28,0.19546587846484698,False,True,False,dc_SX_dg,Jaz_LOW_19,Met_LOW_09,concert,concert,Jaz,Met
24,29,0.16955091844818374,False,True,False,dc_SX_dg,Jaz_LOW_19,Met_LOW_14,concert,concert,Jaz,Met
24,30,0.14234533867579613,False,True,False,dc_SX_dg,Jaz_LOW_19,Met_MED_19,concert,concert,Jaz,Met
24,31,0.14846055960884474,False,True,False,dc_SX_dg,Jaz_LOW_19,Met_MED_20,concert,concert,Jaz,Met
24,32,0.12829615715060422,False,False,False,dc_dx_dg,Jaz_LOW_19,80s_LOW_02,concert,movie,Jaz,80s
24,33,0.15373741772239444,False,False,False,dc_dx_dg,Jaz_LOW_19,80s_LOW_06,concert,movie,Jaz,80s
24,34,0.12817538502275475,False,False,False,dc_dx_dg,Jaz_LOW_19,80s_MED_08,concert,movie,Jaz,80s
24,35,0.0883441720660419,False,False,False,dc_dx_dg,Jaz_LOW_19,80s_MED_13,concert,movie,Jaz,80s
24,36,0.14900097162437315,False,False,False,dc_dx_dg,Jaz_LOW_19,Ele_LOW_09,concert,movie,Jaz,Ele
24,37,0.13054145967346567,False,False,False,dc_dx_dg,Jaz_LOW_19,Ele_LOW_14,concert,movie,Jaz,Ele
24,38,0.1633015620138554,False,False,False,dc_dx_dg,Jaz_LOW_19,Ele_MED_19,concert,movie,Jaz,Ele
24,39,0.13741989240563587,False,False,False,dc_dx_dg,Jaz_LOW_19,Ele_MED_20,concert,movie,Jaz,Ele
24,40,0.21448228219252766,True,False,True,SC_dx,Jaz_LOW_19,Jaz_LOW_19,concert,movie,Jaz,Jaz
24,41,0.14208603203069778,False,False,True,dc_dx_SG,Jaz_LOW_19,Jaz_LOW_21,concert,movie,Jaz,Jaz
24,42,0.159560746376215,False,False,True,dc_dx_SG,Jaz_LOW_19,Jaz_MED_02,concert,movie,Jaz,Jaz
24,43,0.1797328840952338,False,False,True,dc_dx_SG,Jaz_LOW_19,Jaz_MED_07,concert,movie,Jaz,Jaz
24,44,0.09057185006432979,False,False,False,dc_dx_dg,Jaz_LOW_19,Met_LOW_09,concert,movie,Jaz,Met
24,45,0.143957704582361,False,False,False,dc_dx_dg,Jaz_LOW_19,Met_LOW_14,concert,movie,Jaz,Met
24,46,0.16597563637672258,False,False,False,dc_dx_dg,Jaz_LOW_19,Met_MED_19,concert,movie,Jaz,Met
24,47,0.15383691927236082,False,False,False,dc_dx_dg,Jaz_LOW_19,Met_MED_20,concert,movie,Jaz,Met
24,48,0.1272437806633614,False,False,False,dc_dx_dg,Jaz_LOW_19,80s_LOW_02,concert,videogame,Jaz,80s
24,49,0.12995540433600017,False,False,False,dc_dx_dg,Jaz_LOW_19,80s_LOW_06,concert,videogame,Jaz,80s
24,50,0.15005094708366393,False,False,False,dc_dx_dg,Jaz_LOW_19,80s_MED_08,concert,videogame,Jaz,80s
24,51,0.1194481301972641,False,False,False,dc_dx_dg,Jaz_LOW_19,80s_MED_13,concert,videogame,Jaz,80s
24,52,0.13361026528379422,False,False,False,dc_dx_dg,Jaz_LOW_19,Ele_LOW_09,concert,videogame,Jaz,Ele
24,53,0.1447480584240147,False,False,False,dc_dx_dg,Jaz_LOW_19,Ele_LOW_14,concert,videogame,Jaz,Ele
24,54,0.14476654292599758,False,False,False,dc_dx_dg,Jaz_LOW_19,Ele_MED_19,concert,videogame,Jaz,Ele
24,55,0.0748512406588418,False,False,False,dc_dx_dg,Jaz_LOW_19,Ele_MED_20,concert,videogame,Jaz,Ele
24,56,0.16841343124842262,True,False,True,SC_dx,Jaz_LOW_19,Jaz_LOW_19,concert,videogame,Jaz,Jaz
24,57,0.13711012248198845,False,False,True,dc_dx_SG,Jaz_LOW_19,Jaz_LOW_21,concert,videogame,Jaz,Jaz
24,58,0.16761534195485853,False,False,True,dc_dx_SG,Jaz_LOW_19,Jaz_MED_02,concert,videogame,Jaz,Jaz
24,59,0.18679070570677545,False,False,True,dc_dx_SG,Jaz_LOW_19,Jaz_MED_07,concert,videogame,Jaz,Jaz
24,60,0.15373244852178342,False,False,False,dc_dx_dg,Jaz_LOW_19,Met_LOW_09,concert,videogame,Jaz,Met
24,61,0.0978321759452882,False,False,False,dc_dx_dg,Jaz_LOW_19,Met_LOW_14,concert,videogame,Jaz,Met
24,62,0.09583190274720957,False,False,False,dc_dx_dg,Jaz_LOW_19,Met_MED_19,concert,videogame,Jaz,Met
24,63,0.10323333458837247,False,False,False,dc_dx_dg,Jaz_LOW_19,Met_MED_20,concert,videogame,Jaz,Met
25,26,0.1167058652603471,False,True,True,dc_SX_SG,Jaz_LOW_21,Jaz_MED_02,concert,concert,Jaz,Jaz
25,27,0.1531895428554714,False,True,True,dc_SX_SG,Jaz_LOW_21,Jaz_MED_07,concert,concert,Jaz,Jaz
25,28,0.11141197345143186,False,True,False,dc_SX_dg,Jaz_LOW_21,Met_LOW_09,concert,concert,Jaz,Met
25,29,0.1376178568363368,False,True,False,dc_SX_dg,Jaz_LOW_21,Met_LOW_14,concert,concert,Jaz,Met
25,30,0.1304754274572581,False,True,False,dc_SX_dg,Jaz_LOW_21,Met_MED_19,concert,concert,Jaz,Met
25,31,0.16792345653676105,False,True,False,dc_SX_dg,Jaz_LOW_21,Met_MED_20,concert,concert,Jaz,Met
25,32,0.12084249352996662,False,False,False,dc_dx_dg,Jaz_LOW_21,80s_LOW_02,concert,movie,Jaz,80s
25,33,0.14258263897155993,False,False,False,dc_dx_dg,Jaz_LOW_21,80s_LOW_06,concert,movie,Jaz,80s
25,34,0.1352674449254005,False,False,False,dc_dx_dg,Jaz_LOW_21,80s_MED_08,concert,movie,Jaz,80s
25,35,0.12148849778649717,False,False,False,dc_dx_dg,Jaz_LOW_21,80s_MED_13,concert,movie,Jaz,80s
25,36,0.11994677766334969,False,False,False,dc_dx_dg,Jaz_LOW_21,Ele_LOW_09,concert,movie,Jaz,Ele
25,37,0.10224356935255036,False,False,False,dc_dx_dg,Jaz_LOW_21,Ele_LOW_14,concert,movie,Jaz,Ele
25,38,0.1384998313599842,False,False,False,dc_dx_dg,Jaz_LOW_21,Ele_MED_19,concert,movie,Jaz,Ele
25,39,0.1052336365084815,False,False,False,dc_dx_dg,Jaz_LOW_21,Ele_MED_20,concert,movie,Jaz,Ele
25,40,0.14041339936456926,False,False,True,dc_dx_SG,Jaz_LOW_21,Jaz_LOW_19,concert,movie,Jaz,Jaz
25,41,0.23194769242876973,True,False,True,SC_dx,Jaz_LOW_21,Jaz_LOW_21,concert,movie,Jaz,Jaz
25,42,0.13560468086925473,False,False,True,dc_dx_SG,Jaz_LOW_21,Jaz_MED_02,concert,movie,Jaz,Jaz
25,43,0.13902028466657182,False,False,True,dc_dx_SG,Jaz_LOW_21,Jaz_MED_07,concert,movie,Jaz,Jaz
25,44,0.0959464467715281,False,False,False,dc_dx_dg,Jaz_LOW_21,Met_LOW_09,concert,movie,Jaz,Met
25,45,0.08186326449185731,False,False,False,dc_dx_dg,Jaz_LOW_21,Met_LOW_14,concert,movie,Jaz,Met
25,46,0.12630902739233907,False,False,False,dc_dx_dg,Jaz_LOW_21,Met_MED_19,concert,movie,Jaz,Met
25,47,0.12785722184778267,False,False,False,dc_dx_dg,Jaz_LOW_21,Met_MED_20,concert,movie,Jaz,Met
25,48,0.1157822768892213,False,False,False,dc_dx_dg,Jaz_LOW_21,80s_LOW_02,concert,videogame,Jaz,80s
25,49,0.17647349957266464,False,False,False,dc_dx_dg,Jaz_LOW_21,80s_LOW_06,concert,videogame,Jaz,80s
25,50,0.15682170109771823,False,False,False,dc_dx_dg,Jaz_LOW_21,80s_MED_08,concert,videogame,Jaz,80s
25,51,0.14890179726540417,False,False,False,dc_dx_dg,Jaz_LOW_21,80s_MED_13,concert,videogame,Jaz,80s
25,52,0.12244205521968768,False,False,False,dc_dx_dg,Jaz_LOW_21,Ele_LOW_09,concert,videogame,Jaz,Ele
25,53,0.09339852461173107,False,False,False,dc_dx_dg,Jaz_LOW_21,Ele_LOW_14,concert,videogame,Jaz,Ele
25,54,0.12774303791734334,False,False,False,dc_dx_dg,Jaz_LOW_21,Ele_MED_19,concert,videogame,Jaz,Ele
25,55,0.09229229898160034,False,False,False,dc_dx_dg,Jaz_LOW_21,Ele_MED_20,concert,videogame,Jaz,Ele
25,56,0.09829835461934551,False,False,True,dc_dx_SG,Jaz_LOW_21,Jaz_LOW_19,concert,videogame,Jaz,Jaz
25,57,0.20651431517578123,True,False,True,SC_dx,Jaz_LOW_21,Jaz_LOW_21,concert,videogame,Jaz,Jaz
25,58,0.15579225404929903,False,False,True,dc_dx_SG,Jaz_LOW_21,Jaz_MED_02,concert,videogame,Jaz,Jaz
25,59,0.14918244501125372,False,False,True,dc_dx_SG,Jaz_LOW_21,Jaz_MED_07,concert,videogame,Jaz,Jaz
25,60,0.11606381851591621,False,False,False,dc_dx_dg,Jaz_LOW_21,Met_LOW_09,concert,videogame,Jaz,Met
25,61,0.10351284756144295,False,False,False,dc_dx_dg,Jaz_LOW_21,Met_LOW_14,concert,videogame,Jaz,Met
25,62,0.09416247830742727,False,False,False,dc_dx_dg,Jaz_LOW_21,Met_MED_19,concert,videogame,Jaz,Met
25,63,0.10063812797274037,False,False,False,dc_dx_dg,Jaz_LOW_21,Met_MED_20,concert,videogame,Jaz,Met
26,27,0.23394370530468836,False,True,True,dc_SX_SG,Jaz_MED_02,Jaz_MED_07,concert,concert,Jaz,Jaz
26,28,0.13914874971041524,False,True,False,dc_SX_dg,Jaz_MED_02,Met_LOW_09,concert,concert,Jaz,Met
26,29,0.15850457914252056,False,True,False,dc_SX_dg,Jaz_MED_02,Met_LOW_14,concert,concert,Jaz,Met
26,30,0.1310432923787188,False,True,False,dc_SX_dg,Jaz_MED_02,Met_MED_19,concert,concert,Jaz,Met
26,31,0.15929117619828795,False,True,False,dc_SX_dg,Jaz_MED_02,Met_MED_20,concert,concert,Jaz,Met
26,32,0.14507170214257897,False,False,False,dc_dx_dg,Jaz_MED_02,80s_LOW_02,concert,movie,Jaz,80s
26,33,0.10830737902898104,False,False,False,dc_dx_dg,Jaz_MED_02,80s_LOW_06,concert,movie,Jaz,80s
26,34,0.11614046929388255,False,False,False,dc_dx_dg,Jaz_MED_02,80s_MED_08,concert,movie,Jaz,80s
26,35,0.11689793582312515,False,False,False,dc_dx_dg,Jaz_MED_02,80s_MED_13,concert,movie,Jaz,80s
26,36,0.09760569195898337,False,False,False,dc_dx_dg,Jaz_MED_02,Ele_LOW_09,concert,movie,Jaz,Ele
26,37,0.09179428123611053,False,False,False,dc_dx_dg,Jaz_MED_02,Ele_LOW_14,concert,movie,Jaz,Ele
26,38,0.10608223403053998,False,False,False,dc_dx_dg,Jaz_MED_02,Ele_MED_19,concert,movie,Jaz,Ele
26,39,0.10246299428136318,False,False,False,dc_dx_dg,Jaz_MED_02,Ele_MED_20,concert,movie,Jaz,Ele
26,40,0.13064877884100443,False,False,True,dc_dx_SG,Jaz_MED_02,Jaz_LOW_19,concert,movie,Jaz,Jaz
26,41,0.08329112007413868,False,False,True,dc_dx_SG,Jaz_MED_02,Jaz_LOW_21,concert,movie,Jaz,Jaz
26,42,0.1820142063726704,True,False,True,SC_dx,Jaz_MED_02,Jaz_MED_02,concert,movie,Jaz,Jaz
26,43,0.20986144328909642,False,False,True,dc_dx_SG,Jaz_MED_02,Jaz_MED_07,concert,movie,Jaz,Jaz
26,44,0.08588973946993472,False,False,False,dc_dx_dg,Jaz_MED_02,Met_LOW_09,concert,movie,Jaz,Met
26,45,0.07945390741652529,False,False,False,dc_dx_dg,Jaz_MED_02,Met_LOW_14,concert,movie,Jaz,Met
26,46,0.1340340616201563,False,False,False,dc_dx_dg,Jaz_MED_02,Met_MED_19,concert,movie,Jaz,Met
26,47,0.14379321255476707,False,False,False,dc_dx_dg,Jaz_MED_02,Met_MED_20,concert,movie,Jaz,Met
26,48,0.15296700281614947,False,False,False,dc_dx_dg,Jaz_MED_02,80s_LOW_02,concert,videogame,Jaz,80s
26,49,0.09860827713721579,False,False,False,dc_dx_dg,Jaz_MED_02,80s_LOW_06,concert,videogame,Jaz,80s
26,50,0.12585757612544202,False,False,False,dc_dx_dg,Jaz_MED_02,80s_MED_08,concert,videogame,Jaz,80s
26,51,0.14561819675565926,False,False,False,dc_dx_dg,Jaz_MED_02,80s_MED_13,concert,videogame,Jaz,80s
26,52,0.08905378129920487,False,False,False,dc_dx_dg,Jaz_MED_02,Ele_LOW_09,concert,videogame,Jaz,Ele
26,53,0.0869125847085889,False,False,False,dc_dx_dg,Jaz_MED_02,Ele_LOW_14,concert,videogame,Jaz,Ele
26,54,0.13057170352789754,False,False,False,dc_dx_dg,Jaz_MED_02,Ele_MED_19,concert,videogame,Jaz,Ele
26,55,0.09920116761694484,False,False,False,dc_dx_dg,Jaz_MED_02,Ele_MED_20,concert,videogame,Jaz,Ele
26,56,0.10857530283765862,False,False,True,dc_dx_SG,Jaz_MED_02,Jaz_LOW_19,concert,videogame,Jaz,Jaz
26,57,0.10440292890929731,False,False,True,dc_dx_SG,Jaz_MED_02,Jaz_LOW_21,concert,videogame,Jaz,Jaz
26,58,0.18502632852939085,True,False,True,SC_dx,Jaz_MED_02,Jaz_MED_02,concert,videogame,Jaz,Jaz
26,59,0.17341416469946483,False,False,True,dc_dx_SG,Jaz_MED_02,Jaz_MED_07,concert,videogame,Jaz,Jaz
26,60,0.10438169251059638,False,False,False,dc_dx_dg,Jaz_MED_02,Met_LOW_09,concert,videogame,Jaz,Met
26,61,0.0772827818506872,False,False,False,dc_dx_dg,Jaz_MED_02,Met_LOW_14,concert,videogame,Jaz,Met
26,62,0.09221316779988098,False,False,False,dc_dx_dg,Jaz_MED_02,Met_MED_19,concert,videogame,Jaz,Met
26,63,0.06612935248589438,False,False,False,dc_dx_dg,Jaz_MED_02,Met_MED_20,concert,videogame,Jaz,Met
27,28,0.12377079685819833,False,True,False,dc_SX_dg,Jaz_MED_07,Met_LOW_09,concert,concert,Jaz,Met
27,29,0.1566893349072437,False,True,False,dc_SX_dg,Jaz_MED_07,Met_LOW_14,concert,concert,Jaz,Met
27,30,0.12463655598722238,False,True,False,dc_SX_dg,Jaz_MED_07,Met_MED_19,concert,concert,Jaz,Met
27,31,0.1607247848414668,False,True,False,dc_SX_dg,Jaz_MED_07,Met_MED_20,concert,concert,Jaz,Met
27,32,0.21790117686721347,False,False,False,dc_dx_dg,Jaz_MED_07,80s_LOW_02,concert,movie,Jaz,80s
27,33,0.17150060540486095,False,False,False,dc_dx_dg,Jaz_MED_07,80s_LOW_06,concert,movie,Jaz,80s
27,34,0.1348035228912525,False,False,False,dc_dx_dg,Jaz_MED_07,80s_MED_08,concert,movie,Jaz,80s
27,35,0.14505889663603264,False,False,False,dc_dx_dg,Jaz_MED_07,80s_MED_13,concert,movie,Jaz,80s
27,36,0.11892684865026615,False,False,False,dc_dx_dg,Jaz_MED_07,Ele_LOW_09,concert,movie,Jaz,Ele
27,37,0.10820149966745014,False,False,False,dc_dx_dg,Jaz_MED_07,Ele_LOW_14,concert,movie,Jaz,Ele
27,38,0.12772016199136624,False,False,False,dc_dx_dg,Jaz_MED_07,Ele_MED_19,concert,movie,Jaz,Ele
27,39,0.12482628515618677,False,False,False,dc_dx_dg,Jaz_MED_07,Ele_MED_20,concert,movie,Jaz,Ele
27,40,0.19861696625847722,False,False,True,dc_dx_SG,Jaz_MED_07,Jaz_LOW_19,concert,movie,Jaz,Jaz
27,41,0.11343204033737052,False,False,True,dc_dx_SG,Jaz_MED_07,Jaz_LOW_21,concert,movie,Jaz,Jaz
27,42,0.2846834266235708,False,False,True,dc_dx_SG,Jaz_MED_07,Jaz_MED_02,concert,movie,Jaz,Jaz
27,43,0.2991730514149096,True,False,True,SC_dx,Jaz_MED_07,Jaz_MED_07,concert,movie,Jaz,Jaz
27,44,0.09844990487051199,False,False,False,dc_dx_dg,Jaz_MED_07,Met_LOW_09,concert,movie,Jaz,Met
27,45,0.09892081178984166,False,False,False,dc_dx_dg,Jaz_MED_07,Met_LOW_14,concert,movie,Jaz,Met
27,46,0.13979647139866924,False,False,False,dc_dx_dg,Jaz_MED_07,Met_MED_19,concert,movie,Jaz,Met
27,47,0.15629782581106177,False,False,False,dc_dx_dg,Jaz_MED_07,Met_MED_20,concert,movie,Jaz,Met
27,48,0.15147946210224322,False,False,False,dc_dx_dg,Jaz_MED_07,80s_LOW_02,concert,videogame,Jaz,80s
27,49,0.1748889721335385,False,False,False,dc_dx_dg,Jaz_MED_07,80s_LOW_06,concert,videogame,Jaz,80s
27,50,0.11157708810709635,False,False,False,dc_dx_dg,Jaz_MED_07,80s_MED_08,concert,videogame,Jaz,80s
27,51,0.1280176176029584,False,False,False,dc_dx_dg,Jaz_MED_07,80s_MED_13,concert,videogame,Jaz,80s
27,52,0.1065411050088889,False,False,False,dc_dx_dg,Jaz_MED_07,Ele_LOW_09,concert,videogame,Jaz,Ele
27,53,0.09718388450618468,False,False,False,dc_dx_dg,Jaz_MED_07,Ele_LOW_14,concert,videogame,Jaz,Ele
27,54,0.15640463530889298,False,False,False,dc_dx_dg,Jaz_MED_07,Ele_MED_19,concert,videogame,Jaz,Ele
27,55,0.12128923329285712,False,False,False,dc_dx_dg,Jaz_MED_07,Ele_MED_20,concert,videogame,Jaz,Ele
27,56,0.13389228000263997,False,False,True,dc_dx_SG,Jaz_MED_07,Jaz_LOW_19,concert,videogame,Jaz,Jaz
27,57,0.09971900254873617,False,False,True,dc_dx_SG,Jaz_MED_07,Jaz_LOW_21,concert,videogame,Jaz,Jaz
27,58,0.25812866380724675,False,False,True,dc_dx_SG,Jaz_MED_07,Jaz_MED_02,concert,videogame,Jaz,Jaz
27,59,0.2937772558480594,True,False,True,SC_dx,Jaz_MED_07,Jaz_MED_07,concert,videogame,Jaz,Jaz
27,60,0.11511542418872583,False,False,False,dc_dx_dg,Jaz_MED_07,Met_LOW_09,concert,videogame,Jaz,Met
27,61,0.07742373179016898,False,False,False,dc_dx_dg,Jaz_MED_07,Met_LOW_14,concert,videogame,Jaz,Met
27,62,0.11451650130589261,False,False,False,dc_dx_dg,Jaz_MED_07,Met_MED_19,concert,videogame,Jaz,Met
27,63,0.06613256205334085,False,False,False,dc_dx_dg,Jaz_MED_07,Met_MED_20,concert,videogame,Jaz,Met
28,29,0.19016157307296477,False,True,True,dc_SX_SG,Met_LOW_09,Met_LOW_14,concert,concert,Met,Met
28,30,0.1743617257892193,False,True,True,dc_SX_SG,Met_LOW_09,Met_MED_19,concert,concert,Met,Met
28,31,0.20969477863150449,False,True,True,dc_SX_SG,Met_LOW_09,Met_MED_20,concert,concert,Met,Met
28,32,0.09621128942391352,False,False,False,dc_dx_dg,Met_LOW_09,80s_LOW_02,concert,movie,Met,80s
28,33,0.1261958367883823,False,False,False,dc_dx_dg,Met_LOW_09,80s_LOW_06,concert,movie,Met,80s
28,34,0.11016686373214236,False,False,False,dc_dx_dg,Met_LOW_09,80s_MED_08,concert,movie,Met,80s
28,35,0.13751304592557456,False,False,False,dc_dx_dg,Met_LOW_09,80s_MED_13,concert,movie,Met,80s
28,36,0.14233709245517354,False,False,False,dc_dx_dg,Met_LOW_09,Ele_LOW_09,concert,movie,Met,Ele
28,37,0.1099616941764422,False,False,False,dc_dx_dg,Met_LOW_09,Ele_LOW_14,concert,movie,Met,Ele
28,38,0.13168595744629194,False,False,False,dc_dx_dg,Met_LOW_09,Ele_MED_19,concert,movie,Met,Ele
28,39,0.12181451591286216,False,False,False,dc_dx_dg,Met_LOW_09,Ele_MED_20,concert,movie,Met,Ele
28,40,0.15456896354149458,False,False,False,dc_dx_dg,Met_LOW_09,Jaz_LOW_19,concert,movie,Met,Jaz
28,41,0.12924380746766778,False,False,False,dc_dx_dg,Met_LOW_09,Jaz_LOW_21,concert,movie,Met,Jaz
28,42,0.13485146875595327,False,False,False,dc_dx_dg,Met_LOW_09,Jaz_MED_02,concert,movie,Met,Jaz
28,43,0.09792198689022565,False,False,False,dc_dx_dg,Met_LOW_09,Jaz_MED_07,concert,movie,Met,Jaz
28,44,0.1272163965543117,True,False,True,SC_dx,Met_LOW_09,Met_LOW_09,concert,movie,Met,Met
28,45,0.14145193016075794,False,False,True,dc_dx_SG,Met_LOW_09,Met_LOW_14,concert,movie,Met,Met
28,46,0.14419231995477869,False,False,True,dc_dx_SG,Met_LOW_09,Met_MED_19,concert,movie,Met,Met
28,47,0.15508346875555684,False,False,True,dc_dx_SG,Met_LOW_09,Met_MED_20,concert,movie,Met,Met
28,48,0.12963001488509213,False,False,False,dc_dx_dg,Met_LOW_09,80s_LOW_02,concert,videogame,Met,80s
28,49,0.1085602500623001,False,False,False,dc_dx_dg,Met_LOW_09,80s_LOW_06,concert,videogame,Met,80s
28,50,0.11350349670357512,False,False,False,dc_dx_dg,Met_LOW_09,80s_MED_08,concert,videogame,Met,80s
28,51,0.12325992265898848,False,False,False,dc_dx_dg,Met_LOW_09,80s_MED_13,concert,videogame,Met,80s
28,52,0.14140577822630962,False,False,False,dc_dx_dg,Met_LOW_09,Ele_LOW_09,concert,videogame,Met,Ele
28,53,0.11911659242937704,False,False,False,dc_dx_dg,Met_LOW_09,Ele_LOW_14,concert,videogame,Met,Ele
28,54,0.12952383738255815,False,False,False,dc_dx_dg,Met_LOW_09,Ele_MED_19,concert,videogame,Met,Ele
28,55,0.06680211907066781,False,False,False,dc_dx_dg,Met_LOW_09,Ele_MED_20,concert,videogame,Met,Ele
28,56,0.08703081485793714,False,False,False,dc_dx_dg,Met_LOW_09,Jaz_LOW_19,concert,videogame,Met,Jaz
28,57,0.09146483476760768,False,False,False,dc_dx_dg,Met_LOW_09,Jaz_LOW_21,concert,videogame,Met,Jaz
28,58,0.11786774332270256,False,False,False,dc_dx_dg,Met_LOW_09,Jaz_MED_02,concert,videogame,Met,Jaz
28,59,0.12721912785945724,False,False,False,dc_dx_dg,Met_LOW_09,Jaz_MED_07,concert,videogame,Met,Jaz
28,60,0.20027402952935547,True,False,True,SC_dx,Met_LOW_09,Met_LOW_09,concert,videogame,Met,Met
28,61,0.11199975431961919,False,False,True,dc_dx_SG,Met_LOW_09,Met_LOW_14,concert,videogame,Met,Met
28,62,0.154276367753952,False,False,True,dc_dx_SG,Met_LOW_09,Met_MED_19,concert,videogame,Met,Met
28,63,0.13280015991833455,False,False,True,dc_dx_SG,Met_LOW_09,Met_MED_20,concert,videogame,Met,Met
29,30,0.17733137399244092,False,True,True,dc_SX_SG,Met_LOW_14,Met_MED_19,concert,concert,Met,Met
29,31,0.23659726665569655,False,True,True,dc_SX_SG,Met_LOW_14,Met_MED_20,concert,concert,Met,Met
29,32,0.11728780237039652,False,False,False,dc_dx_dg,Met_LOW_14,80s_LOW_02,concert,movie,Met,80s
29,33,0.1414205938952154,False,False,False,dc_dx_dg,Met_LOW_14,80s_LOW_06,concert,movie,Met,80s
29,34,0.12284927605968628,False,False,False,dc_dx_dg,Met_LOW_14,80s_MED_08,concert,movie,Met,80s
29,35,0.11807857468998223,False,False,False,dc_dx_dg,Met_LOW_14,80s_MED_13,concert,movie,Met,80s
29,36,0.18507496613717636,False,False,False,dc_dx_dg,Met_LOW_14,Ele_LOW_09,concert,movie,Met,Ele
29,37,0.1523048286960109,False,False,False,dc_dx_dg,Met_LOW_14,Ele_LOW_14,concert,movie,Met,Ele
29,38,0.10195309890880971,False,False,False,dc_dx_dg,Met_LOW_14,Ele_MED_19,concert,movie,Met,Ele
29,39,0.10722019640823319,False,False,False,dc_dx_dg,Met_LOW_14,Ele_MED_20,concert,movie,Met,Ele
29,40,0.14913390147711766,False,False,False,dc_dx_dg,Met_LOW_14,Jaz_LOW_19,concert,movie,Met,Jaz
29,41,0.10418595965659283,False,False,False,dc_dx_dg,Met_LOW_14,Jaz_LOW_21,concert,movie,Met,Jaz
29,42,0.14803664752897627,False,False,False,dc_dx_dg,Met_LOW_14,Jaz_MED_02,concert,movie,Met,Jaz
29,43,0.11409933509618277,False,False,False,dc_dx_dg,Met_LOW_14,Jaz_MED_07,concert,movie,Met,Jaz
29,44,0.11881164504715427,False,False,True,dc_dx_SG,Met_LOW_14,Met_LOW_09,concert,movie,Met,Met
29,45,0.1721328874710549,True,False,True,SC_dx,Met_LOW_14,Met_LOW_14,concert,movie,Met,Met
29,46,0.21833284687734322,False,False,True,dc_dx_SG,Met_LOW_14,Met_MED_19,concert,movie,Met,Met
29,47,0.1804670315483865,False,False,True,dc_dx_SG,Met_LOW_14,Met_MED_20,concert,movie,Met,Met
29,48,0.13405705963503942,False,False,False,dc_dx_dg,Met_LOW_14,80s_LOW_02,concert,videogame,Met,80s
29,49,0.1371472910012207,False,False,False,dc_dx_dg,Met_LOW_14,80s_LOW_06,concert,videogame,Met,80s
29,50,0.12130448911904285,False,False,False,dc_dx_dg,Met_LOW_14,80s_MED_08,concert,videogame,Met,80s
29,51,0.12703538358363073,False,False,False,dc_dx_dg,Met_LOW_14,80s_MED_13,concert,videogame,Met,80s
29,52,0.17510205538793167,False,False,False,dc_dx_dg,Met_LOW_14,Ele_LOW_09,concert,videogame,Met,Ele
29,53,0.1814819198237209,False,False,False,dc_dx_dg,Met_LOW_14,Ele_LOW_14,concert,videogame,Met,Ele
29,54,0.11691075740322904,False,False,False,dc_dx_dg,Met_LOW_14,Ele_MED_19,concert,videogame,Met,Ele
29,55,0.08743411878564064,False,False,False,dc_dx_dg,Met_LOW_14,Ele_MED_20,concert,videogame,Met,Ele
29,56,0.15669772650857408,False,False,False,dc_dx_dg,Met_LOW_14,Jaz_LOW_19,concert,videogame,Met,Jaz
29,57,0.09838989459598188,False,False,False,dc_dx_dg,Met_LOW_14,Jaz_LOW_21,concert,videogame,Met,Jaz
29,58,0.14275820524586486,False,False,False,dc_dx_dg,Met_LOW_14,Jaz_MED_02,concert,videogame,Met,Jaz
29,59,0.1101517677297299,False,False,False,dc_dx_dg,Met_LOW_14,Jaz_MED_07,concert,videogame,Met,Jaz
29,60,0.22364090021194316,False,False,True,dc_dx_SG,Met_LOW_14,Met_LOW_09,concert,videogame,Met,Met
29,61,0.15940110522689202,True,False,True,SC_dx,Met_LOW_14,Met_LOW_14,concert,videogame,Met,Met
29,62,0.17925681576113237,False,False,True,dc_dx_SG,Met_LOW_14,Met_MED_19,concert,videogame,Met,Met
29,63,0.11335268351918092,False,False,True,dc_dx_SG,Met_LOW_14,Met_MED_20,concert,videogame,Met,Met
30,31,0.2419216799826467,False,True,True,dc_SX_SG,Met_MED_19,Met_MED_20,concert,concert,Met,Met
30,32,0.12301585580187782,False,False,False,dc_dx_dg,Met_MED_19,80s_LOW_02,concert,movie,Met,80s
30,33,0.135621818895322,False,False,False,dc_dx_dg,Met_MED_19,80s_LOW_06,concert,movie,Met,80s
30,34,0.14580712878487181,False,False,False,dc_dx_dg,Met_MED_19,80s_MED_08,concert,movie,Met,80s
30,35,0.09103248254023324,False,False,False,dc_dx_dg,Met_MED_19,80s_MED_13,concert,movie,Met,80s
30,36,0.14158975630737744,False,False,False,dc_dx_dg,Met_MED_19,Ele_LOW_09,concert,movie,Met,Ele
30,37,0.13709151182116316,False,False,False,dc_dx_dg,Met_MED_19,Ele_LOW_14,concert,movie,Met,Ele
30,38,0.1281829912954759,False,False,False,dc_dx_dg,Met_MED_19,Ele_MED_19,concert,movie,Met,Ele
30,39,0.09696542476212507,False,False,False,dc_dx_dg,Met_MED_19,Ele_MED_20,concert,movie,Met,Ele
30,40,0.14874137672231327,False,False,False,dc_dx_dg,Met_MED_19,Jaz_LOW_19,concert,movie,Met,Jaz
30,41,0.11674024901355722,False,False,False,dc_dx_dg,Met_MED_19,Jaz_LOW_21,concert,movie,Met,Jaz
30,42,0.12196855088387297,False,False,False,dc_dx_dg,Met_MED_19,Jaz_MED_02,concert,movie,Met,Jaz
30,43,0.10146178142660986,False,False,False,dc_dx_dg,Met_MED_19,Jaz_MED_07,concert,movie,Met,Jaz
30,44,0.17250006157236203,False,False,True,dc_dx_SG,Met_MED_19,Met_LOW_09,concert,movie,Met,Met
30,45,0.13945305669977082,False,False,True,dc_dx_SG,Met_MED_19,Met_LOW_14,concert,movie,Met,Met
30,46,0.21964315420613348,True,False,True,SC_dx,Met_MED_19,Met_MED_19,concert,movie,Met,Met
30,47,0.18887174015818048,False,False,True,dc_dx_SG,Met_MED_19,Met_MED_20,concert,movie,Met,Met
30,48,0.11182072514181482,False,False,False,dc_dx_dg,Met_MED_19,80s_LOW_02,concert,videogame,Met,80s
30,49,0.12166997321872494,False,False,False,dc_dx_dg,Met_MED_19,80s_LOW_06,concert,videogame,Met,80s
30,50,0.09288175126145583,False,False,False,dc_dx_dg,Met_MED_19,80s_MED_08,concert,videogame,Met,80s
30,51,0.11810257742042761,False,False,False,dc_dx_dg,Met_MED_19,80s_MED_13,concert,videogame,Met,80s
30,52,0.1363324595936832,False,False,False,dc_dx_dg,Met_MED_19,Ele_LOW_09,concert,videogame,Met,Ele
30,53,0.14700816785021345,False,False,False,dc_dx_dg,Met_MED_19,Ele_LOW_14,concert,videogame,Met,Ele
30,54,0.1390585645466671,False,False,False,dc_dx_dg,Met_MED_19,Ele_MED_19,concert,videogame,Met,Ele
30,55,0.08460846392746012,False,False,False,dc_dx_dg,Met_MED_19,Ele_MED_20,concert,videogame,Met,Ele
30,56,0.1176570747726502,False,False,False,dc_dx_dg,Met_MED_19,Jaz_LOW_19,concert,videogame,Met,Jaz
30,57,0.13844663433160678,False,False,False,dc_dx_dg,Met_MED_19,Jaz_LOW_21,concert,videogame,Met,Jaz
30,58,0.08737889986985273,False,False,False,dc_dx_dg,Met_MED_19,Jaz_MED_02,concert,videogame,Met,Jaz
30,59,0.10702947935272263,False,False,False,dc_dx_dg,Met_MED_19,Jaz_MED_07,concert,videogame,Met,Jaz
30,60,0.18630653515988718,False,False,True,dc_dx_SG,Met_MED_19,Met_LOW_09,concert,videogame,Met,Met
30,61,0.16538841838250753,False,False,True,dc_dx_SG,Met_MED_19,Met_LOW_14,concert,videogame,Met,Met
30,62,0.1919977489190233,True,False,True,SC_dx,Met_MED_19,Met_MED_19,concert,videogame,Met,Met
30,63,0.1384839341602349,False,False,True,dc_dx_SG,Met_MED_19,Met_MED_20,concert,videogame,Met,Met
31,32,0.15604588941865716,False,False,False,dc_dx_dg,Met_MED_20,80s_LOW_02,concert,movie,Met,80s
31,33,0.1610912454520056,False,False,False,dc_dx_dg,Met_MED_20,80s_LOW_06,concert,movie,Met,80s
31,34,0.1410719016613798,False,False,False,dc_dx_dg,Met_MED_20,80s_MED_08,concert,movie,Met,80s
31,35,0.12245463560664135,False,False,False,dc_dx_dg,Met_MED_20,80s_MED_13,concert,movie,Met,80s
31,36,0.16915800209035134,False,False,False,dc_dx_dg,Met_MED_20,Ele_LOW_09,concert,movie,Met,Ele
31,37,0.16218139825043404,False,False,False,dc_dx_dg,Met_MED_20,Ele_LOW_14,concert,movie,Met,Ele
31,38,0.14231589784022933,False,False,False,dc_dx_dg,Met_MED_20,Ele_MED_19,concert,movie,Met,Ele
31,39,0.13026990549232945,False,False,False,dc_dx_dg,Met_MED_20,Ele_MED_20,concert,movie,Met,Ele
31,40,0.148362560758493,False,False,False,dc_dx_dg,Met_MED_20,Jaz_LOW_19,concert,movie,Met,Jaz
31,41,0.12064912204100756,False,False,False,dc_dx_dg,Met_MED_20,Jaz_LOW_21,concert,movie,Met,Jaz
31,42,0.14896814886583284,False,False,False,dc_dx_dg,Met_MED_20,Jaz_MED_02,concert,movie,Met,Jaz
31,43,0.1382823737361622,False,False,False,dc_dx_dg,Met_MED_20,Jaz_MED_07,concert,movie,Met,Jaz
31,44,0.12808865399164246,False,False,True,dc_dx_SG,Met_MED_20,Met_LOW_09,concert,movie,Met,Met
31,45,0.12721410808027006,False,False,True,dc_dx_SG,Met_MED_20,Met_LOW_14,concert,movie,Met,Met
31,46,0.26598474370166214,False,False,True,dc_dx_SG,Met_MED_20,Met_MED_19,concert,movie,Met,Met
31,47,0.23630833449902933,True,False,True,SC_dx,Met_MED_20,Met_MED_20,concert,movie,Met,Met
31,48,0.1481761738895453,False,False,False,dc_dx_dg,Met_MED_20,80s_LOW_02,concert,videogame,Met,80s
31,49,0.1335425996689097,False,False,False,dc_dx_dg,Met_MED_20,80s_LOW_06,concert,videogame,Met,80s
31,50,0.14718179867798326,False,False,False,dc_dx_dg,Met_MED_20,80s_MED_08,concert,videogame,Met,80s
31,51,0.13640439782433716,False,False,False,dc_dx_dg,Met_MED_20,80s_MED_13,concert,videogame,Met,80s
31,52,0.15912480102219037,False,False,False,dc_dx_dg,Met_MED_20,Ele_LOW_09,concert,videogame,Met,Ele
31,53,0.1358940286127402,False,False,False,dc_dx_dg,Met_MED_20,Ele_LOW_14,concert,videogame,Met,Ele
31,54,0.13895176701595902,False,False,False,dc_dx_dg,Met_MED_20,Ele_MED_19,concert,videogame,Met,Ele
31,55,0.1127173312000306,False,False,False,dc_dx_dg,Met_MED_20,Ele_MED_20,concert,videogame,Met,Ele
31,56,0.10870278813001259,False,False,False,dc_dx_dg,Met_MED_20,Jaz_LOW_19,concert,videogame,Met,Jaz
31,57,0.1336003864202711,False,False,False,dc_dx_dg,Met_MED_20,Jaz_LOW_21,concert,videogame,Met,Jaz
31,58,0.13488914554300643,False,False,False,dc_dx_dg,Met_MED_20,Jaz_MED_02,concert,videogame,Met,Jaz
31,59,0.13735008008540672,False,False,False,dc_dx_dg,Met_MED_20,Jaz_MED_07,concert,videogame,Met,Jaz
31,60,0.19969662338252775,False,False,True,dc_dx_SG,Met_MED_20,Met_LOW_09,concert,videogame,Met,Met
31,61,0.11126635486485353,False,False,True,dc_dx_SG,Met_MED_20,Met_LOW_14,concert,videogame,Met,Met
31,62,0.18730910670279838,False,False,True,dc_dx_SG,Met_MED_20,Met_MED_19,concert,videogame,Met,Met
31,63,0.17484397359099282,True,False,True,SC_dx,Met_MED_20,Met_MED_20,concert,videogame,Met,Met
32,33,0.18869244815656114,False,True,True,dc_SX_SG,80s_LOW_02,80s_LOW_06,movie,movie,80s,80s
32,34,0.16185502048846503,False,True,True,dc_SX_SG,80s_LOW_02,80s_MED_08,movie,movie,80s,80s
32,35,0.14952583054108687,False,True,True,dc_SX_SG,80s_LOW_02,80s_MED_13,movie,movie,80s,80s
32,36,0.1798580092050371,False,True,False,dc_SX_dg,80s_LOW_02,Ele_LOW_09,movie,movie,80s,Ele
32,37,0.11212637952172293,False,True,False,dc_SX_dg,80s_LOW_02,Ele_LOW_14,movie,movie,80s,Ele
32,38,0.16289451467375868,False,True,False,dc_SX_dg,80s_LOW_02,Ele_MED_19,movie,movie,80s,Ele
32,39,0.1508064875808428,False,True,False,dc_SX_dg,80s_LOW_02,Ele_MED_20,movie,movie,80s,Ele
32,40,0.1651912578782336,False,True,False,dc_SX_dg,80s_LOW_02,Jaz_LOW_19,movie,movie,80s,Jaz
32,41,0.11309620709993838,False,True,False,dc_SX_dg,80s_LOW_02,Jaz_LOW_21,movie,movie,80s,Jaz
32,42,0.1944098404422796,False,True,False,dc_SX_dg,80s_LOW_02,Jaz_MED_02,movie,movie,80s,Jaz
32,43,0.22173555442389412,False,True,False,dc_SX_dg,80s_LOW_02,Jaz_MED_07,movie,movie,80s,Jaz
32,44,0.12179045368625806,False,True,False,dc_SX_dg,80s_LOW_02,Met_LOW_09,movie,movie,80s,Met
32,45,0.1109011710230625,False,True,False,dc_SX_dg,80s_LOW_02,Met_LOW_14,movie,movie,80s,Met
32,46,0.11159492415552724,False,True,False,dc_SX_dg,80s_LOW_02,Met_MED_19,movie,movie,80s,Met
32,47,0.11855988921294054,False,True,False,dc_SX_dg,80s_LOW_02,Met_MED_20,movie,movie,80s,Met
32,48,0.22793748930388386,True,False,True,SC_dx,80s_LOW_02,80s_LOW_02,movie,videogame,80s,80s
32,49,0.18817554601361516,False,False,True,dc_dx_SG,80s_LOW_02,80s_LOW_06,movie,videogame,80s,80s
32,50,0.14391390341395977,False,False,True,dc_dx_SG,80s_LOW_02,80s_MED_08,movie,videogame,80s,80s
32,51,0.1363538664872914,False,False,True,dc_dx_SG,80s_LOW_02,80s_MED_13,movie,videogame,80s,80s
32,52,0.13057591761572415,False,False,False,dc_dx_dg,80s_LOW_02,Ele_LOW_09,movie,videogame,80s,Ele
32,53,0.11234702920819416,False,False,False,dc_dx_dg,80s_LOW_02,Ele_LOW_14,movie,videogame,80s,Ele
32,54,0.1936868595469202,False,False,False,dc_dx_dg,80s_LOW_02,Ele_MED_19,movie,videogame,80s,Ele
32,55,0.13812497666006038,False,False,False,dc_dx_dg,80s_LOW_02,Ele_MED_20,movie,videogame,80s,Ele
32,56,0.11566231890024942,False,False,False,dc_dx_dg,80s_LOW_02,Jaz_LOW_19,movie,videogame,80s,Jaz
32,57,0.08003919500069416,False,False,False,dc_dx_dg,80s_LOW_02,Jaz_LOW_21,movie,videogame,80s,Jaz
32,58,0.17367999737996737,False,False,False,dc_dx_dg,80s_LOW_02,Jaz_MED_02,movie,videogame,80s,Jaz
32,59,0.21154275263244815,False,False,False,dc_dx_dg,80s_LOW_02,Jaz_MED_07,movie,videogame,80s,Jaz
32,60,0.12613091357454168,False,False,False,dc_dx_dg,80s_LOW_02,Met_LOW_09,movie,videogame,80s,Met
32,61,0.09610654307721635,False,False,False,dc_dx_dg,80s_LOW_02,Met_LOW_14,movie,videogame,80s,Met
32,62,0.11104502419604204,False,False,False,dc_dx_dg,80s_LOW_02,Met_MED_19,movie,videogame,80s,Met
32,63,0.09369048036054312,False,False,False,dc_dx_dg,80s_LOW_02,Met_MED_20,movie,videogame,80s,Met
33,34,0.22578384701296073,False,True,True,dc_SX_SG,80s_LOW_06,80s_MED_08,movie,movie,80s,80s
33,35,0.19309039294464714,False,True,True,dc_SX_SG,80s_LOW_06,80s_MED_13,movie,movie,80s,80s
33,36,0.15109243519144336,False,True,False,dc_SX_dg,80s_LOW_06,Ele_LOW_09,movie,movie,80s,Ele
33,37,0.12950159407873377,False,True,False,dc_SX_dg,80s_LOW_06,Ele_LOW_14,movie,movie,80s,Ele
33,38,0.1674734785978936,False,True,False,dc_SX_dg,80s_LOW_06,Ele_MED_19,movie,movie,80s,Ele
33,39,0.15263889314292833,False,True,False,dc_SX_dg,80s_LOW_06,Ele_MED_20,movie,movie,80s,Ele
33,40,0.17101609563590278,False,True,False,dc_SX_dg,80s_LOW_06,Jaz_LOW_19,movie,movie,80s,Jaz
33,41,0.1635636698345328,False,True,False,dc_SX_dg,80s_LOW_06,Jaz_LOW_21,movie,movie,80s,Jaz
33,42,0.20400908163991643,False,True,False,dc_SX_dg,80s_LOW_06,Jaz_MED_02,movie,movie,80s,Jaz
33,43,0.16874933976288284,False,True,False,dc_SX_dg,80s_LOW_06,Jaz_MED_07,movie,movie,80s,Jaz
33,44,0.10456793317371606,False,True,False,dc_SX_dg,80s_LOW_06,Met_LOW_09,movie,movie,80s,Met
33,45,0.14142224135505027,False,True,False,dc_SX_dg,80s_LOW_06,Met_LOW_14,movie,movie,80s,Met
33,46,0.1771701613599584,False,True,False,dc_SX_dg,80s_LOW_06,Met_MED_19,movie,movie,80s,Met
33,47,0.18332163732702897,False,True,False,dc_SX_dg,80s_LOW_06,Met_MED_20,movie,movie,80s,Met
33,48,0.1795267489123242,False,False,True,dc_dx_SG,80s_LOW_06,80s_LOW_02,movie,videogame,80s,80s
33,49,0.20154639915741768,True,False,True,SC_dx,80s_LOW_06,80s_LOW_06,movie,videogame,80s,80s
33,50,0.17756731234298304,False,False,True,dc_dx_SG,80s_LOW_06,80s_MED_08,movie,videogame,80s,80s
33,51,0.17302476746520148,False,False,True,dc_dx_SG,80s_LOW_06,80s_MED_13,movie,videogame,80s,80s
33,52,0.13466956056239776,False,False,False,dc_dx_dg,80s_LOW_06,Ele_LOW_09,movie,videogame,80s,Ele
33,53,0.10643958005401256,False,False,False,dc_dx_dg,80s_LOW_06,Ele_LOW_14,movie,videogame,80s,Ele
33,54,0.15220978438700494,False,False,False,dc_dx_dg,80s_LOW_06,Ele_MED_19,movie,videogame,80s,Ele
33,55,0.1061133777352379,False,False,False,dc_dx_dg,80s_LOW_06,Ele_MED_20,movie,videogame,80s,Ele
33,56,0.12872317668319994,False,False,False,dc_dx_dg,80s_LOW_06,Jaz_LOW_19,movie,videogame,80s,Jaz
33,57,0.1493655949664235,False,False,False,dc_dx_dg,80s_LOW_06,Jaz_LOW_21,movie,videogame,80s,Jaz
33,58,0.15888038806420662,False,False,False,dc_dx_dg,80s_LOW_06,Jaz_MED_02,movie,videogame,80s,Jaz
33,59,0.18195544126089158,False,False,False,dc_dx_dg,80s_LOW_06,Jaz_MED_07,movie,videogame,80s,Jaz
33,60,0.13036625844793193,False,False,False,dc_dx_dg,80s_LOW_06,Met_LOW_09,movie,videogame,80s,Met
33,61,0.10125427762017668,False,False,False,dc_dx_dg,80s_LOW_06,Met_LOW_14,movie,videogame,80s,Met
33,62,0.1035040427025991,False,False,False,dc_dx_dg,80s_LOW_06,Met_MED_19,movie,videogame,80s,Met
33,63,0.13027924495194299,False,False,False,dc_dx_dg,80s_LOW_06,Met_MED_20,movie,videogame,80s,Met
34,35,0.1715040791953263,False,True,True,dc_SX_SG,80s_MED_08,80s_MED_13,movie,movie,80s,80s
34,36,0.163064182947403,False,True,False,dc_SX_dg,80s_MED_08,Ele_LOW_09,movie,movie,80s,Ele
34,37,0.12431534124681971,False,True,False,dc_SX_dg,80s_MED_08,Ele_LOW_14,movie,movie,80s,Ele
34,38,0.12263040640969225,False,True,False,dc_SX_dg,80s_MED_08,Ele_MED_19,movie,movie,80s,Ele
34,39,0.1356496547955005,False,True,False,dc_SX_dg,80s_MED_08,Ele_MED_20,movie,movie,80s,Ele
34,40,0.14969526164372168,False,True,False,dc_SX_dg,80s_MED_08,Jaz_LOW_19,movie,movie,80s,Jaz
34,41,0.15953247786826386,False,True,False,dc_SX_dg,80s_MED_08,Jaz_LOW_21,movie,movie,80s,Jaz
34,42,0.16075309749456063,False,True,False,dc_SX_dg,80s_MED_08,Jaz_MED_02,movie,movie,80s,Jaz
34,43,0.15452474927713158,False,True,False,dc_SX_dg,80s_MED_08,Jaz_MED_07,movie,movie,80s,Jaz
34,44,0.08668342250370248,False,True,False,dc_SX_dg,80s_MED_08,Met_LOW_09,movie,movie,80s,Met
34,45,0.10956602932661073,False,True,False,dc_SX_dg,80s_MED_08,Met_LOW_14,movie,movie,80s,Met
34,46,0.13281836958267776,False,True,False,dc_SX_dg,80s_MED_08,Met_MED_19,movie,movie,80s,Met
34,47,0.162276394975121,False,True,False,dc_SX_dg,80s_MED_08,Met_MED_20,movie,movie,80s,Met
34,48,0.16419831409214294,False,False,True,dc_dx_SG,80s_MED_08,80s_LOW_02,movie,videogame,80s,80s
34,49,0.19439566729403623,False,False,True,dc_dx_SG,80s_MED_08,80s_LOW_06,movie,videogame,80s,80s
34,50,0.14096323053939697,True,False,True,SC_dx,80s_MED_08,80s_MED_08,movie,videogame,80s,80s
34,51,0.17025104491927995,False,False,True,dc_dx_SG,80s_MED_08,80s_MED_13,movie,videogame,80s,80s
34,52,0.13488134429032317,False,False,False,dc_dx_dg,80s_MED_08,Ele_LOW_09,movie,videogame,80s,Ele
34,53,0.11253787358757975,False,False,False,dc_dx_dg,80s_MED_08,Ele_LOW_14,movie,videogame,80s,Ele
34,54,0.11757234018120372,False,False,False,dc_dx_dg,80s_MED_08,Ele_MED_19,movie,videogame,80s,Ele
34,55,0.07830548525700627,False,False,False,dc_dx_dg,80s_MED_08,Ele_MED_20,movie,videogame,80s,Ele
34,56,0.12305337112141845,False,False,False,dc_dx_dg,80s_MED_08,Jaz_LOW_19,movie,videogame,80s,Jaz
34,57,0.16704477932316894,False,False,False,dc_dx_dg,80s_MED_08,Jaz_LOW_21,movie,videogame,80s,Jaz
34,58,0.13851627243385714,False,False,False,dc_dx_dg,80s_MED_08,Jaz_MED_02,movie,videogame,80s,Jaz
34,59,0.13951786293869226,False,False,False,dc_dx_dg,80s_MED_08,Jaz_MED_07,movie,videogame,80s,Jaz
34,60,0.12550336191449488,False,False,False,dc_dx_dg,80s_MED_08,Met_LOW_09,movie,videogame,80s,Met
34,61,0.08309766290990131,False,False,False,dc_dx_dg,80s_MED_08,Met_LOW_14,movie,videogame,80s,Met
34,62,0.10953710768694151,False,False,False,dc_dx_dg,80s_MED_08,Met_MED_19,movie,videogame,80s,Met
34,63,0.10225760313628343,False,False,False,dc_dx_dg,80s_MED_08,Met_MED_20,movie,videogame,80s,Met
35,36,0.1625041513547294,False,True,False,dc_SX_dg,80s_MED_13,Ele_LOW_09,movie,movie,80s,Ele
35,37,0.1177223363015424,False,True,False,dc_SX_dg,80s_MED_13,Ele_LOW_14,movie,movie,80s,Ele
35,38,0.14370014654421046,False,True,False,dc_SX_dg,80s_MED_13,Ele_MED_19,movie,movie,80s,Ele
35,39,0.13130131153738267,False,True,False,dc_SX_dg,80s_MED_13,Ele_MED_20,movie,movie,80s,Ele
35,40,0.14925914756584285,False,True,False,dc_SX_dg,80s_MED_13,Jaz_LOW_19,movie,movie,80s,Jaz
35,41,0.13723832695991456,False,True,False,dc_SX_dg,80s_MED_13,Jaz_LOW_21,movie,movie,80s,Jaz
35,42,0.17247833625241712,False,True,False,dc_SX_dg,80s_MED_13,Jaz_MED_02,movie,movie,80s,Jaz
35,43,0.11474890843756239,False,True,False,dc_SX_dg,80s_MED_13,Jaz_MED_07,movie,movie,80s,Jaz
35,44,0.09073789744605265,False,True,False,dc_SX_dg,80s_MED_13,Met_LOW_09,movie,movie,80s,Met
35,45,0.13739832568988913,False,True,False,dc_SX_dg,80s_MED_13,Met_LOW_14,movie,movie,80s,Met
35,46,0.10099612568111693,False,True,False,dc_SX_dg,80s_MED_13,Met_MED_19,movie,movie,80s,Met
35,47,0.11941823380194949,False,True,False,dc_SX_dg,80s_MED_13,Met_MED_20,movie,movie,80s,Met
35,48,0.12875208293783363,False,False,True,dc_dx_SG,80s_MED_13,80s_LOW_02,movie,videogame,80s,80s
35,49,0.1466406329588316,False,False,True,dc_dx_SG,80s_MED_13,80s_LOW_06,movie,videogame,80s,80s
35,50,0.15267242940517528,False,False,True,dc_dx_SG,80s_MED_13,80s_MED_08,movie,videogame,80s,80s
35,51,0.16576345326701453,True,False,True,SC_dx,80s_MED_13,80s_MED_13,movie,videogame,80s,80s
35,52,0.14461460167480283,False,False,False,dc_dx_dg,80s_MED_13,Ele_LOW_09,movie,videogame,80s,Ele
35,53,0.09428621086218578,False,False,False,dc_dx_dg,80s_MED_13,Ele_LOW_14,movie,videogame,80s,Ele
35,54,0.12517804426067528,False,False,False,dc_dx_dg,80s_MED_13,Ele_MED_19,movie,videogame,80s,Ele
35,55,0.1078650104378638,False,False,False,dc_dx_dg,80s_MED_13,Ele_MED_20,movie,videogame,80s,Ele
35,56,0.09688462488735652,False,False,False,dc_dx_dg,80s_MED_13,Jaz_LOW_19,movie,videogame,80s,Jaz
35,57,0.10185520247542451,False,False,False,dc_dx_dg,80s_MED_13,Jaz_LOW_21,movie,videogame,80s,Jaz
35,58,0.15246321682269118,False,False,False,dc_dx_dg,80s_MED_13,Jaz_MED_02,movie,videogame,80s,Jaz
35,59,0.16027751514097713,False,False,False,dc_dx_dg,80s_MED_13,Jaz_MED_07,movie,videogame,80s,Jaz
35,60,0.09625660449713597,False,False,False,dc_dx_dg,80s_MED_13,Met_LOW_09,movie,videogame,80s,Met
35,61,0.09448587296490679,False,False,False,dc_dx_dg,80s_MED_13,Met_LOW_14,movie,videogame,80s,Met
35,62,0.0913015642329168,False,False,False,dc_dx_dg,80s_MED_13,Met_MED_19,movie,videogame,80s,Met
35,63,0.08248934714670221,False,False,False,dc_dx_dg,80s_MED_13,Met_MED_20,movie,videogame,80s,Met
36,37,0.1832108609226038,False,True,True,dc_SX_SG,Ele_LOW_09,Ele_LOW_14,movie,movie,Ele,Ele
36,38,0.16419892328534177,False,True,True,dc_SX_SG,Ele_LOW_09,Ele_MED_19,movie,movie,Ele,Ele
36,39,0.15110355830075148,False,True,True,dc_SX_SG,Ele_LOW_09,Ele_MED_20,movie,movie,Ele,Ele
36,40,0.16571125133097278,False,True,False,dc_SX_dg,Ele_LOW_09,Jaz_LOW_19,movie,movie,Ele,Jaz
36,41,0.11481120712662125,False,True,False,dc_SX_dg,Ele_LOW_09,Jaz_LOW_21,movie,movie,Ele,Jaz
36,42,0.1421040701755884,False,True,False,dc_SX_dg,Ele_LOW_09,Jaz_MED_02,movie,movie,Ele,Jaz
36,43,0.13457427492597743,False,True,False,dc_SX_dg,Ele_LOW_09,Jaz_MED_07,movie,movie,Ele,Jaz
36,44,0.1626454507994452,False,True,False,dc_SX_dg,Ele_LOW_09,Met_LOW_09,movie,movie,Ele,Met
36,45,0.2467064021977467,False,True,False,dc_SX_dg,Ele_LOW_09,Met_LOW_14,movie,movie,Ele,Met
36,46,0.2161503036630336,False,True,False,dc_SX_dg,Ele_LOW_09,Met_MED_19,movie,movie,Ele,Met
36,47,0.18678186256070062,False,True,False,dc_SX_dg,Ele_LOW_09,Met_MED_20,movie,movie,Ele,Met
36,48,0.1469134739911631,False,False,False,dc_dx_dg,Ele_LOW_09,80s_LOW_02,movie,videogame,Ele,80s
36,49,0.16872390886698885,False,False,False,dc_dx_dg,Ele_LOW_09,80s_LOW_06,movie,videogame,Ele,80s
36,50,0.12933387651432446,False,False,False,dc_dx_dg,Ele_LOW_09,80s_MED_08,movie,videogame,Ele,80s
36,51,0.15961493150978776,False,False,False,dc_dx_dg,Ele_LOW_09,80s_MED_13,movie,videogame,Ele,80s
36,52,0.2897229198223132,True,False,True,SC_dx,Ele_LOW_09,Ele_LOW_09,movie,videogame,Ele,Ele
36,53,0.189386925309794,False,False,True,dc_dx_SG,Ele_LOW_09,Ele_LOW_14,movie,videogame,Ele,Ele
36,54,0.1480821526761673,False,False,True,dc_dx_SG,Ele_LOW_09,Ele_MED_19,movie,videogame,Ele,Ele
36,55,0.11204672993346583,False,False,True,dc_dx_SG,Ele_LOW_09,Ele_MED_20,movie,videogame,Ele,Ele
36,56,0.16312069510962346,False,False,False,dc_dx_dg,Ele_LOW_09,Jaz_LOW_19,movie,videogame,Ele,Jaz
36,57,0.12112912435776747,False,False,False,dc_dx_dg,Ele_LOW_09,Jaz_LOW_21,movie,videogame,Ele,Jaz
36,58,0.11822663675323244,False,False,False,dc_dx_dg,Ele_LOW_09,Jaz_MED_02,movie,videogame,Ele,Jaz
36,59,0.13024322571758734,False,False,False,dc_dx_dg,Ele_LOW_09,Jaz_MED_07,movie,videogame,Ele,Jaz
36,60,0.2106408921313877,False,False,False,dc_dx_dg,Ele_LOW_09,Met_LOW_09,movie,videogame,Ele,Met
36,61,0.19887270506342605,False,False,False,dc_dx_dg,Ele_LOW_09,Met_LOW_14,movie,videogame,Ele,Met
36,62,0.20410343199100922,False,False,False,dc_dx_dg,Ele_LOW_09,Met_MED_19,movie,videogame,Ele,Met
36,63,0.1608735990751363,False,False,False,dc_dx_dg,Ele_LOW_09,Met_MED_20,movie,videogame,Ele,Met
37,38,0.12056569276243949,False,True,True,dc_SX_SG,Ele_LOW_14,Ele_MED_19,movie,movie,Ele,Ele
37,39,0.14477389116426212,False,True,True,dc_SX_SG,Ele_LOW_14,Ele_MED_20,movie,movie,Ele,Ele
37,40,0.1775156201785353,False,True,False,dc_SX_dg,Ele_LOW_14,Jaz_LOW_19,movie,movie,Ele,Jaz
37,41,0.12597900738972545,False,True,False,dc_SX_dg,Ele_LOW_14,Jaz_LOW_21,movie,movie,Ele,Jaz
37,42,0.13437777031923184,False,True,False,dc_SX_dg,Ele_LOW_14,Jaz_MED_02,movie,movie,Ele,Jaz
37,43,0.09337447213394683,False,True,False,dc_SX_dg,Ele_LOW_14,Jaz_MED_07,movie,movie,Ele,Jaz
37,44,0.12104281406507074,False,True,False,dc_SX_dg,Ele_LOW_14,Met_LOW_09,movie,movie,Ele,Met
37,45,0.1611007484360439,False,True,False,dc_SX_dg,Ele_LOW_14,Met_LOW_14,movie,movie,Ele,Met
37,46,0.14605863534296906,False,True,False,dc_SX_dg,Ele_LOW_14,Met_MED_19,movie,movie,Ele,Met
37,47,0.1430127347154192,False,True,False,dc_SX_dg,Ele_LOW_14,Met_MED_20,movie,movie,Ele,Met
37,48,0.12616576517951414,False,False,False,dc_dx_dg,Ele_LOW_14,80s_LOW_02,movie,videogame,Ele,80s
37,49,0.15621828232589313,False,False,False,dc_dx_dg,Ele_LOW_14,80s_LOW_06,movie,videogame,Ele,80s
37,50,0.13387080443527302,False,False,False,dc_dx_dg,Ele_LOW_14,80s_MED_08,movie,videogame,Ele,80s
37,51,0.15701755449109894,False,False,False,dc_dx_dg,Ele_LOW_14,80s_MED_13,movie,videogame,Ele,80s
37,52,0.19039683546078734,False,False,True,dc_dx_SG,Ele_LOW_14,Ele_LOW_09,movie,videogame,Ele,Ele
37,53,0.2536210240818067,True,False,True,SC_dx,Ele_LOW_14,Ele_LOW_14,movie,videogame,Ele,Ele
37,54,0.14072398148726645,False,False,True,dc_dx_SG,Ele_LOW_14,Ele_MED_19,movie,videogame,Ele,Ele
37,55,0.1375166867860291,False,False,True,dc_dx_SG,Ele_LOW_14,Ele_MED_20,movie,videogame,Ele,Ele
37,56,0.13252666979869993,False,False,False,dc_dx_dg,Ele_LOW_14,Jaz_LOW_19,movie,videogame,Ele,Jaz
37,57,0.1430440942445939,False,False,False,dc_dx_dg,Ele_LOW_14,Jaz_LOW_21,movie,videogame,Ele,Jaz
37,58,0.12314989467753718,False,False,False,dc_dx_dg,Ele_LOW_14,Jaz_MED_02,movie,videogame,Ele,Jaz
37,59,0.1195302028989752,False,False,False,dc_dx_dg,Ele_LOW_14,Jaz_MED_07,movie,videogame,Ele,Jaz
37,60,0.15733575593171512,False,False,False,dc_dx_dg,Ele_LOW_14,Met_LOW_09,movie,videogame,Ele,Met
37,61,0.18210596306708865,False,False,False,dc_dx_dg,Ele_LOW_14,Met_LOW_14,movie,videogame,Ele,Met
37,62,0.1540048681846995,False,False,False,dc_dx_dg,Ele_LOW_14,Met_MED_19,movie,videogame,Ele,Met
37,63,0.13144771429783544,False,False,False,dc_dx_dg,Ele_LOW_14,Met_MED_20,movie,videogame,Ele,Met
38,39,0.15771959670188243,False,True,True,dc_SX_SG,Ele_MED_19,Ele_MED_20,movie,movie,Ele,Ele
38,40,0.14556865992316556,False,True,False,dc_SX_dg,Ele_MED_19,Jaz_LOW_19,movie,movie,Ele,Jaz
38,41,0.13661411636660034,False,True,False,dc_SX_dg,Ele_MED_19,Jaz_LOW_21,movie,movie,Ele,Jaz
38,42,0.1486754244890574,False,True,False,dc_SX_dg,Ele_MED_19,Jaz_MED_02,movie,movie,Ele,Jaz
38,43,0.13708225637003615,False,True,False,dc_SX_dg,Ele_MED_19,Jaz_MED_07,movie,movie,Ele,Jaz
38,44,0.09936084800379257,False,True,False,dc_SX_dg,Ele_MED_19,Met_LOW_09,movie,movie,Ele,Met
38,45,0.15726246107788538,False,True,False,dc_SX_dg,Ele_MED_19,Met_LOW_14,movie,movie,Ele,Met
38,46,0.13883303650425738,False,True,False,dc_SX_dg,Ele_MED_19,Met_MED_19,movie,movie,Ele,Met
38,47,0.15346782738278336,False,True,False,dc_SX_dg,Ele_MED_19,Met_MED_20,movie,movie,Ele,Met
38,48,0.16307510721814725,False,False,False,dc_dx_dg,Ele_MED_19,80s_LOW_02,movie,videogame,Ele,80s
38,49,0.15022369400948116,False,False,False,dc_dx_dg,Ele_MED_19,80s_LOW_06,movie,videogame,Ele,80s
38,50,0.14791852596510616,False,False,False,dc_dx_dg,Ele_MED_19,80s_MED_08,movie,videogame,Ele,80s
38,51,0.1520724670284022,False,False,False,dc_dx_dg,Ele_MED_19,80s_MED_13,movie,videogame,Ele,80s
38,52,0.17058346008282715,False,False,True,dc_dx_SG,Ele_MED_19,Ele_LOW_09,movie,videogame,Ele,Ele
38,53,0.10513569105343955,False,False,True,dc_dx_SG,Ele_MED_19,Ele_LOW_14,movie,videogame,Ele,Ele
38,54,0.20296808517073123,True,False,True,SC_dx,Ele_MED_19,Ele_MED_19,movie,videogame,Ele,Ele
38,55,0.1400498611033908,False,False,True,dc_dx_SG,Ele_MED_19,Ele_MED_20,movie,videogame,Ele,Ele
38,56,0.12354117943665162,False,False,False,dc_dx_dg,Ele_MED_19,Jaz_LOW_19,movie,videogame,Ele,Jaz
38,57,0.11593599019792063,False,False,False,dc_dx_dg,Ele_MED_19,Jaz_LOW_21,movie,videogame,Ele,Jaz
38,58,0.13536264770262638,False,False,False,dc_dx_dg,Ele_MED_19,Jaz_MED_02,movie,videogame,Ele,Jaz
38,59,0.1547172508131034,False,False,False,dc_dx_dg,Ele_MED_19,Jaz_MED_07,movie,videogame,Ele,Jaz
38,60,0.1326831980284187,False,False,False,dc_dx_dg,Ele_MED_19,Met_LOW_09,movie,videogame,Ele,Met
38,61,0.10553667829106148,False,False,False,dc_dx_dg,Ele_MED_19,Met_LOW_14,movie,videogame,Ele,Met
38,62,0.13376739379688335,False,False,False,dc_dx_dg,Ele_MED_19,Met_MED_19,movie,videogame,Ele,Met
38,63,0.1153802217292316,False,False,False,dc_dx_dg,Ele_MED_19,Met_MED_20,movie,videogame,Ele,Met
39,40,0.12153390254912089,False,True,False,dc_SX_dg,Ele_MED_20,Jaz_LOW_19,movie,movie,Ele,Jaz
39,41,0.11188758978534005,False,True,False,dc_SX_dg,Ele_MED_20,Jaz_LOW_21,movie,movie,Ele,Jaz
39,42,0.14053162535410613,False,True,False,dc_SX_dg,Ele_MED_20,Jaz_MED_02,movie,movie,Ele,Jaz
39,43,0.15757094024129004,False,True,False,dc_SX_dg,Ele_MED_20,Jaz_MED_07,movie,movie,Ele,Jaz
39,44,0.08720192640045568,False,True,False,dc_SX_dg,Ele_MED_20,Met_LOW_09,movie,movie,Ele,Met
39,45,0.11428605054977589,False,True,False,dc_SX_dg,Ele_MED_20,Met_LOW_14,movie,movie,Ele,Met
39,46,0.14690720591456846,False,True,False,dc_SX_dg,Ele_MED_20,Met_MED_19,movie,movie,Ele,Met
39,47,0.12775513071345843,False,True,False,dc_SX_dg,Ele_MED_20,Met_MED_20,movie,movie,Ele,Met
39,48,0.15318373082304707,False,False,False,dc_dx_dg,Ele_MED_20,80s_LOW_02,movie,videogame,Ele,80s
39,49,0.137460443850544,False,False,False,dc_dx_dg,Ele_MED_20,80s_LOW_06,movie,videogame,Ele,80s
39,50,0.12424340211981107,False,False,False,dc_dx_dg,Ele_MED_20,80s_MED_08,movie,videogame,Ele,80s
39,51,0.16454018235820295,False,False,False,dc_dx_dg,Ele_MED_20,80s_MED_13,movie,videogame,Ele,80s
39,52,0.16803481336077009,False,False,True,dc_dx_SG,Ele_MED_20,Ele_LOW_09,movie,videogame,Ele,Ele
39,53,0.09073811160182915,False,False,True,dc_dx_SG,Ele_MED_20,Ele_LOW_14,movie,videogame,Ele,Ele
39,54,0.16024890682436257,False,False,True,dc_dx_SG,Ele_MED_20,Ele_MED_19,movie,videogame,Ele,Ele
39,55,0.1739386271061785,True,False,True,SC_dx,Ele_MED_20,Ele_MED_20,movie,videogame,Ele,Ele
39,56,0.08571418669236724,False,False,False,dc_dx_dg,Ele_MED_20,Jaz_LOW_19,movie,videogame,Ele,Jaz
39,57,0.1277285111662865,False,False,False,dc_dx_dg,Ele_MED_20,Jaz_LOW_21,movie,videogame,Ele,Jaz
39,58,0.13624377982780944,False,False,False,dc_dx_dg,Ele_MED_20,Jaz_MED_02,movie,videogame,Ele,Jaz
39,59,0.16747839377391371,False,False,False,dc_dx_dg,Ele_MED_20,Jaz_MED_07,movie,videogame,Ele,Jaz
39,60,0.09844996610757463,False,False,False,dc_dx_dg,Ele_MED_20,Met_LOW_09,movie,videogame,Ele,Met
39,61,0.1171738027554901,False,False,False,dc_dx_dg,Ele_MED_20,Met_LOW_14,movie,videogame,Ele,Met
39,62,0.11858495871556783,False,False,False,dc_dx_dg,Ele_MED_20,Met_MED_19,movie,videogame,Ele,Met
39,63,0.09984069910786336,False,False,False,dc_dx_dg,Ele_MED_20,Met_MED_20,movie,videogame,Ele,Met
40,41,0.11725076425868217,False,True,True,dc_SX_SG,Jaz_LOW_19,Jaz_LOW_21,movie,movie,Jaz,Jaz
40,42,0.20536291416602656,False,True,True,dc_SX_SG,Jaz_LOW_19,Jaz_MED_02,movie,movie,Jaz,Jaz
40,43,0.2138928204452573,False,True,True,dc_SX_SG,Jaz_LOW_19,Jaz_MED_07,movie,movie,Jaz,Jaz
40,44,0.10449428722294017,False,True,False,dc_SX_dg,Jaz_LOW_19,Met_LOW_09,movie,movie,Jaz,Met
40,45,0.1782461525304071,False,True,False,dc_SX_dg,Jaz_LOW_19,Met_LOW_14,movie,movie,Jaz,Met
40,46,0.17262849345916575,False,True,False,dc_SX_dg,Jaz_LOW_19,Met_MED_19,movie,movie,Jaz,Met
40,47,0.15020979705903806,False,True,False,dc_SX_dg,Jaz_LOW_19,Met_MED_20,movie,movie,Jaz,Met
40,48,0.16502994693871312,False,False,False,dc_dx_dg,Jaz_LOW_19,80s_LOW_02,movie,videogame,Jaz,80s
40,49,0.1942341771630689,False,False,False,dc_dx_dg,Jaz_LOW_19,80s_LOW_06,movie,videogame,Jaz,80s
40,50,0.17080129421761803,False,False,False,dc_dx_dg,Jaz_LOW_19,80s_MED_08,movie,videogame,Jaz,80s
40,51,0.14941383905007563,False,False,False,dc_dx_dg,Jaz_LOW_19,80s_MED_13,movie,videogame,Jaz,80s
40,52,0.1362496011062716,False,False,False,dc_dx_dg,Jaz_LOW_19,Ele_LOW_09,movie,videogame,Jaz,Ele
40,53,0.15567882655133605,False,False,False,dc_dx_dg,Jaz_LOW_19,Ele_LOW_14,movie,videogame,Jaz,Ele
40,54,0.20085086503126948,False,False,False,dc_dx_dg,Jaz_LOW_19,Ele_MED_19,movie,videogame,Jaz,Ele
40,55,0.13164308324650967,False,False,False,dc_dx_dg,Jaz_LOW_19,Ele_MED_20,movie,videogame,Jaz,Ele
40,56,0.20677692149011984,True,False,True,SC_dx,Jaz_LOW_19,Jaz_LOW_19,movie,videogame,Jaz,Jaz
40,57,0.1442513375570387,False,False,True,dc_dx_SG,Jaz_LOW_19,Jaz_LOW_21,movie,videogame,Jaz,Jaz
40,58,0.1925984881665683,False,False,True,dc_dx_SG,Jaz_LOW_19,Jaz_MED_02,movie,videogame,Jaz,Jaz
40,59,0.16335656128543877,False,False,True,dc_dx_SG,Jaz_LOW_19,Jaz_MED_07,movie,videogame,Jaz,Jaz
40,60,0.13387519958958047,False,False,False,dc_dx_dg,Jaz_LOW_19,Met_LOW_09,movie,videogame,Jaz,Met
40,61,0.13958081021498342,False,False,False,dc_dx_dg,Jaz_LOW_19,Met_LOW_14,movie,videogame,Jaz,Met
40,62,0.12544422100317792,False,False,False,dc_dx_dg,Jaz_LOW_19,Met_MED_19,movie,videogame,Jaz,Met
40,63,0.09152821455653948,False,False,False,dc_dx_dg,Jaz_LOW_19,Met_MED_20,movie,videogame,Jaz,Met
41,42,0.125235880322345,False,True,True,dc_SX_SG,Jaz_LOW_21,Jaz_MED_02,movie,movie,Jaz,Jaz
41,43,0.09871144066510583,False,True,True,dc_SX_SG,Jaz_LOW_21,Jaz_MED_07,movie,movie,Jaz,Jaz
41,44,0.07267124279730909,False,True,False,dc_SX_dg,Jaz_LOW_21,Met_LOW_09,movie,movie,Jaz,Met
41,45,0.14060335935196003,False,True,False,dc_SX_dg,Jaz_LOW_21,Met_LOW_14,movie,movie,Jaz,Met
41,46,0.1171242509501116,False,True,False,dc_SX_dg,Jaz_LOW_21,Met_MED_19,movie,movie,Jaz,Met
41,47,0.1399021989321912,False,True,False,dc_SX_dg,Jaz_LOW_21,Met_MED_20,movie,movie,Jaz,Met
41,48,0.11358215739231532,False,False,False,dc_dx_dg,Jaz_LOW_21,80s_LOW_02,movie,videogame,Jaz,80s
41,49,0.13661961108287565,False,False,False,dc_dx_dg,Jaz_LOW_21,80s_LOW_06,movie,videogame,Jaz,80s
41,50,0.14908166458339114,False,False,False,dc_dx_dg,Jaz_LOW_21,80s_MED_08,movie,videogame,Jaz,80s
41,51,0.12678065700169033,False,False,False,dc_dx_dg,Jaz_LOW_21,80s_MED_13,movie,videogame,Jaz,80s
41,52,0.09259709253960471,False,False,False,dc_dx_dg,Jaz_LOW_21,Ele_LOW_09,movie,videogame,Jaz,Ele
41,53,0.10135466808180131,False,False,False,dc_dx_dg,Jaz_LOW_21,Ele_LOW_14,movie,videogame,Jaz,Ele
41,54,0.11944842145999134,False,False,False,dc_dx_dg,Jaz_LOW_21,Ele_MED_19,movie,videogame,Jaz,Ele
41,55,0.0928143424748259,False,False,False,dc_dx_dg,Jaz_LOW_21,Ele_MED_20,movie,videogame,Jaz,Ele
41,56,0.0974912547661635,False,False,True,dc_dx_SG,Jaz_LOW_21,Jaz_LOW_19,movie,videogame,Jaz,Jaz
41,57,0.24125927574095973,True,False,True,SC_dx,Jaz_LOW_21,Jaz_LOW_21,movie,videogame,Jaz,Jaz
41,58,0.11511999210349555,False,False,True,dc_dx_SG,Jaz_LOW_21,Jaz_MED_02,movie,videogame,Jaz,Jaz
41,59,0.11351033822217652,False,False,True,dc_dx_SG,Jaz_LOW_21,Jaz_MED_07,movie,videogame,Jaz,Jaz
41,60,0.08635329974798106,False,False,False,dc_dx_dg,Jaz_LOW_21,Met_LOW_09,movie,videogame,Jaz,Met
41,61,0.09553677255844621,False,False,False,dc_dx_dg,Jaz_LOW_21,Met_LOW_14,movie,videogame,Jaz,Met
41,62,0.09826161149114213,False,False,False,dc_dx_dg,Jaz_LOW_21,Met_MED_19,movie,videogame,Jaz,Met
41,63,0.11671500696408033,False,False,False,dc_dx_dg,Jaz_LOW_21,Met_MED_20,movie,videogame,Jaz,Met
42,43,0.25277250707274135,False,True,True,dc_SX_SG,Jaz_MED_02,Jaz_MED_07,movie,movie,Jaz,Jaz
42,44,0.08338603908479612,False,True,False,dc_SX_dg,Jaz_MED_02,Met_LOW_09,movie,movie,Jaz,Met
42,45,0.12482913611844647,False,True,False,dc_SX_dg,Jaz_MED_02,Met_LOW_14,movie,movie,Jaz,Met
42,46,0.111444470911304,False,True,False,dc_SX_dg,Jaz_MED_02,Met_MED_19,movie,movie,Jaz,Met
42,47,0.15061429431447942,False,True,False,dc_SX_dg,Jaz_MED_02,Met_MED_20,movie,movie,Jaz,Met
42,48,0.18700649974679526,False,False,False,dc_dx_dg,Jaz_MED_02,80s_LOW_02,movie,videogame,Jaz,80s
42,49,0.18491938800945007,False,False,False,dc_dx_dg,Jaz_MED_02,80s_LOW_06,movie,videogame,Jaz,80s
42,50,0.13867424587281044,False,False,False,dc_dx_dg,Jaz_MED_02,80s_MED_08,movie,videogame,Jaz,80s
42,51,0.15263708031986298,False,False,False,dc_dx_dg,Jaz_MED_02,80s_MED_13,movie,videogame,Jaz,80s
42,52,0.12322925622210013,False,False,False,dc_dx_dg,Jaz_MED_02,Ele_LOW_09,movie,videogame,Jaz,Ele
42,53,0.11847932340609935,False,False,False,dc_dx_dg,Jaz_MED_02,Ele_LOW_14,movie,videogame,Jaz,Ele
42,54,0.14657938740085172,False,False,False,dc_dx_dg,Jaz_MED_02,Ele_MED_19,movie,videogame,Jaz,Ele
42,55,0.13368577059970232,False,False,False,dc_dx_dg,Jaz_MED_02,Ele_MED_20,movie,videogame,Jaz,Ele
42,56,0.12261175635021666,False,False,True,dc_dx_SG,Jaz_MED_02,Jaz_LOW_19,movie,videogame,Jaz,Jaz
42,57,0.12325830622141326,False,False,True,dc_dx_SG,Jaz_MED_02,Jaz_LOW_21,movie,videogame,Jaz,Jaz
42,58,0.19777800111015134,True,False,True,SC_dx,Jaz_MED_02,Jaz_MED_02,movie,videogame,Jaz,Jaz
42,59,0.2601088715512739,False,False,True,dc_dx_SG,Jaz_MED_02,Jaz_MED_07,movie,videogame,Jaz,Jaz
42,60,0.12237923346230242,False,False,False,dc_dx_dg,Jaz_MED_02,Met_LOW_09,movie,videogame,Jaz,Met
42,61,0.12274179011059616,False,False,False,dc_dx_dg,Jaz_MED_02,Met_LOW_14,movie,videogame,Jaz,Met
42,62,0.13194409682002586,False,False,False,dc_dx_dg,Jaz_MED_02,Met_MED_19,movie,videogame,Jaz,Met
42,63,0.1022579395950997,False,False,False,dc_dx_dg,Jaz_MED_02,Met_MED_20,movie,videogame,Jaz,Met
43,44,0.0824677666840277,False,True,False,dc_SX_dg,Jaz_MED_07,Met_LOW_09,movie,movie,Jaz,Met
43,45,0.11094925418273592,False,True,False,dc_SX_dg,Jaz_MED_07,Met_LOW_14,movie,movie,Jaz,Met
43,46,0.09861511035034473,False,True,False,dc_SX_dg,Jaz_MED_07,Met_MED_19,movie,movie,Jaz,Met
43,47,0.1165655275860746,False,True,False,dc_SX_dg,Jaz_MED_07,Met_MED_20,movie,movie,Jaz,Met
43,48,0.22569194872013035,False,False,False,dc_dx_dg,Jaz_MED_07,80s_LOW_02,movie,videogame,Jaz,80s
43,49,0.12970091341880546,False,False,False,dc_dx_dg,Jaz_MED_07,80s_LOW_06,movie,videogame,Jaz,80s
43,50,0.11405379073546484,False,False,False,dc_dx_dg,Jaz_MED_07,80s_MED_08,movie,videogame,Jaz,80s
43,51,0.109431043652782,False,False,False,dc_dx_dg,Jaz_MED_07,80s_MED_13,movie,videogame,Jaz,80s
43,52,0.09653418381735217,False,False,False,dc_dx_dg,Jaz_MED_07,Ele_LOW_09,movie,videogame,Jaz,Ele
43,53,0.10160721328183747,False,False,False,dc_dx_dg,Jaz_MED_07,Ele_LOW_14,movie,videogame,Jaz,Ele
43,54,0.16090424210964702,False,False,False,dc_dx_dg,Jaz_MED_07,Ele_MED_19,movie,videogame,Jaz,Ele
43,55,0.1085702631285913,False,False,False,dc_dx_dg,Jaz_MED_07,Ele_MED_20,movie,videogame,Jaz,Ele
43,56,0.13621196082367418,False,False,True,dc_dx_SG,Jaz_MED_07,Jaz_LOW_19,movie,videogame,Jaz,Jaz
43,57,0.0943302906692467,False,False,True,dc_dx_SG,Jaz_MED_07,Jaz_LOW_21,movie,videogame,Jaz,Jaz
43,58,0.25643531818445436,False,False,True,dc_dx_SG,Jaz_MED_07,Jaz_MED_02,movie,videogame,Jaz,Jaz
43,59,0.29572168337661825,True,False,True,SC_dx,Jaz_MED_07,Jaz_MED_07,movie,videogame,Jaz,Jaz
43,60,0.11647517250504776,False,False,False,dc_dx_dg,Jaz_MED_07,Met_LOW_09,movie,videogame,Jaz,Met
43,61,0.07998441404245066,False,False,False,dc_dx_dg,Jaz_MED_07,Met_LOW_14,movie,videogame,Jaz,Met
43,62,0.11331517094583912,False,False,False,dc_dx_dg,Jaz_MED_07,Met_MED_19,movie,videogame,Jaz,Met
43,63,0.07944837042105705,False,False,False,dc_dx_dg,Jaz_MED_07,Met_MED_20,movie,videogame,Jaz,Met
44,45,0.15886024213091213,False,True,True,dc_SX_SG,Met_LOW_09,Met_LOW_14,movie,movie,Met,Met
44,46,0.1713448459557213,False,True,True,dc_SX_SG,Met_LOW_09,Met_MED_19,movie,movie,Met,Met
44,47,0.11888117885415689,False,True,True,dc_SX_SG,Met_LOW_09,Met_MED_20,movie,movie,Met,Met
44,48,0.11914614268252584,False,False,False,dc_dx_dg,Met_LOW_09,80s_LOW_02,movie,videogame,Met,80s
44,49,0.1336963160867415,False,False,False,dc_dx_dg,Met_LOW_09,80s_LOW_06,movie,videogame,Met,80s
44,50,0.1015920675231753,False,False,False,dc_dx_dg,Met_LOW_09,80s_MED_08,movie,videogame,Met,80s
44,51,0.10434829390228774,False,False,False,dc_dx_dg,Met_LOW_09,80s_MED_13,movie,videogame,Met,80s
44,52,0.11369957684838458,False,False,False,dc_dx_dg,Met_LOW_09,Ele_LOW_09,movie,videogame,Met,Ele
44,53,0.10929008235391727,False,False,False,dc_dx_dg,Met_LOW_09,Ele_LOW_14,movie,videogame,Met,Ele
44,54,0.12111710826050961,False,False,False,dc_dx_dg,Met_LOW_09,Ele_MED_19,movie,videogame,Met,Ele
44,55,0.10757559742831628,False,False,False,dc_dx_dg,Met_LOW_09,Ele_MED_20,movie,videogame,Met,Ele
44,56,0.11223558839492974,False,False,False,dc_dx_dg,Met_LOW_09,Jaz_LOW_19,movie,videogame,Met,Jaz
44,57,0.09072231536459313,False,False,False,dc_dx_dg,Met_LOW_09,Jaz_LOW_21,movie,videogame,Met,Jaz
44,58,0.09829252652819703,False,False,False,dc_dx_dg,Met_LOW_09,Jaz_MED_02,movie,videogame,Met,Jaz
44,59,0.1021337961988551,False,False,False,dc_dx_dg,Met_LOW_09,Jaz_MED_07,movie,videogame,Met,Jaz
44,60,0.22065235163896782,True,False,True,SC_dx,Met_LOW_09,Met_LOW_09,movie,videogame,Met,Met
44,61,0.14077580813148524,False,False,True,dc_dx_SG,Met_LOW_09,Met_LOW_14,movie,videogame,Met,Met
44,62,0.1267025743135263,False,False,True,dc_dx_SG,Met_LOW_09,Met_MED_19,movie,videogame,Met,Met
44,63,0.10449168400524181,False,False,True,dc_dx_SG,Met_LOW_09,Met_MED_20,movie,videogame,Met,Met
45,46,0.1876006317961059,False,True,True,dc_SX_SG,Met_LOW_14,Met_MED_19,movie,movie,Met,Met
45,47,0.17432999348943118,False,True,True,dc_SX_SG,Met_LOW_14,Met_MED_20,movie,movie,Met,Met
45,48,0.12072283369145285,False,False,False,dc_dx_dg,Met_LOW_14,80s_LOW_02,movie,videogame,Met,80s
45,49,0.13303713740161874,False,False,False,dc_dx_dg,Met_LOW_14,80s_LOW_06,movie,videogame,Met,80s
45,50,0.10495101417312268,False,False,False,dc_dx_dg,Met_LOW_14,80s_MED_08,movie,videogame,Met,80s
45,51,0.12780573749162996,False,False,False,dc_dx_dg,Met_LOW_14,80s_MED_13,movie,videogame,Met,80s
45,52,0.1944612003189305,False,False,False,dc_dx_dg,Met_LOW_14,Ele_LOW_09,movie,videogame,Met,Ele
45,53,0.15318311488219957,False,False,False,dc_dx_dg,Met_LOW_14,Ele_LOW_14,movie,videogame,Met,Ele
45,54,0.13314948842512042,False,False,False,dc_dx_dg,Met_LOW_14,Ele_MED_19,movie,videogame,Met,Ele
45,55,0.1065040859419581,False,False,False,dc_dx_dg,Met_LOW_14,Ele_MED_20,movie,videogame,Met,Ele
45,56,0.1318161970227778,False,False,False,dc_dx_dg,Met_LOW_14,Jaz_LOW_19,movie,videogame,Met,Jaz
45,57,0.08868322157609597,False,False,False,dc_dx_dg,Met_LOW_14,Jaz_LOW_21,movie,videogame,Met,Jaz
45,58,0.11129722004427073,False,False,False,dc_dx_dg,Met_LOW_14,Jaz_MED_02,movie,videogame,Met,Jaz
45,59,0.11295644593431753,False,False,False,dc_dx_dg,Met_LOW_14,Jaz_MED_07,movie,videogame,Met,Jaz
45,60,0.17710009759458628,False,False,True,dc_dx_SG,Met_LOW_14,Met_LOW_09,movie,videogame,Met,Met
45,61,0.17738910669912614,True,False,True,SC_dx,Met_LOW_14,Met_LOW_14,movie,videogame,Met,Met
45,62,0.1776293587668861,False,False,True,dc_dx_SG,Met_LOW_14,Met_MED_19,movie,videogame,Met,Met
45,63,0.14353952862342356,False,False,True,dc_dx_SG,Met_LOW_14,Met_MED_20,movie,videogame,Met,Met
46,47,0.21405803878237692,False,True,True,dc_SX_SG,Met_MED_19,Met_MED_20,movie,movie,Met,Met
46,48,0.14005443786945937,False,False,False,dc_dx_dg,Met_MED_19,80s_LOW_02,movie,videogame,Met,80s
46,49,0.1675925275490374,False,False,False,dc_dx_dg,Met_MED_19,80s_LOW_06,movie,videogame,Met,80s
46,50,0.11653994092147345,False,False,False,dc_dx_dg,Met_MED_19,80s_MED_08,movie,videogame,Met,80s
46,51,0.14394671412392104,False,False,False,dc_dx_dg,Met_MED_19,80s_MED_13,movie,videogame,Met,80s
46,52,0.20768872772664124,False,False,False,dc_dx_dg,Met_MED_19,Ele_LOW_09,movie,videogame,Met,Ele
46,53,0.1473494562970106,False,False,False,dc_dx_dg,Met_MED_19,Ele_LOW_14,movie,videogame,Met,Ele
46,54,0.12110988706257353,False,False,False,dc_dx_dg,Met_MED_19,Ele_MED_19,movie,videogame,Met,Ele
46,55,0.07905740064977208,False,False,False,dc_dx_dg,Met_MED_19,Ele_MED_20,movie,videogame,Met,Ele
46,56,0.14071631609175242,False,False,False,dc_dx_dg,Met_MED_19,Jaz_LOW_19,movie,videogame,Met,Jaz
46,57,0.119443399208189,False,False,False,dc_dx_dg,Met_MED_19,Jaz_LOW_21,movie,videogame,Met,Jaz
46,58,0.11451524005329448,False,False,False,dc_dx_dg,Met_MED_19,Jaz_MED_02,movie,videogame,Met,Jaz
46,59,0.1214176170294803,False,False,False,dc_dx_dg,Met_MED_19,Jaz_MED_07,movie,videogame,Met,Jaz
46,60,0.21228283258991612,False,False,True,dc_dx_SG,Met_MED_19,Met_LOW_09,movie,videogame,Met,Met
46,61,0.14019153999322603,False,False,True,dc_dx_SG,Met_MED_19,Met_LOW_14,movie,videogame,Met,Met
46,62,0.17855954039767385,True,False,True,SC_dx,Met_MED_19,Met_MED_19,movie,videogame,Met,Met
46,63,0.16007497164700046,False,False,True,dc_dx_SG,Met_MED_19,Met_MED_20,movie,videogame,Met,Met
47,48,0.1282470407079218,False,False,False,dc_dx_dg,Met_MED_20,80s_LOW_02,movie,videogame,Met,80s
47,49,0.1647762162139912,False,False,False,dc_dx_dg,Met_MED_20,80s_LOW_06,movie,videogame,Met,80s
47,50,0.13647837970810625,False,False,False,dc_dx_dg,Met_MED_20,80s_MED_08,movie,videogame,Met,80s
47,51,0.12634321842000784,False,False,False,dc_dx_dg,Met_MED_20,80s_MED_13,movie,videogame,Met,80s
47,52,0.1548901658331625,False,False,False,dc_dx_dg,Met_MED_20,Ele_LOW_09,movie,videogame,Met,Ele
47,53,0.12880157386438001,False,False,False,dc_dx_dg,Met_MED_20,Ele_LOW_14,movie,videogame,Met,Ele
47,54,0.11998336468013204,False,False,False,dc_dx_dg,Met_MED_20,Ele_MED_19,movie,videogame,Met,Ele
47,55,0.10014041051090578,False,False,False,dc_dx_dg,Met_MED_20,Ele_MED_20,movie,videogame,Met,Ele
47,56,0.12035147390095284,False,False,False,dc_dx_dg,Met_MED_20,Jaz_LOW_19,movie,videogame,Met,Jaz
47,57,0.12193061966416727,False,False,False,dc_dx_dg,Met_MED_20,Jaz_LOW_21,movie,videogame,Met,Jaz
47,58,0.11356091763035843,False,False,False,dc_dx_dg,Met_MED_20,Jaz_MED_02,movie,videogame,Met,Jaz
47,59,0.1523023781704256,False,False,False,dc_dx_dg,Met_MED_20,Jaz_MED_07,movie,videogame,Met,Jaz
47,60,0.16793892321390982,False,False,True,dc_dx_SG,Met_MED_20,Met_LOW_09,movie,videogame,Met,Met
47,61,0.15792593509646352,False,False,True,dc_dx_SG,Met_MED_20,Met_LOW_14,movie,videogame,Met,Met
47,62,0.18402475043250227,False,False,True,dc_dx_SG,Met_MED_20,Met_MED_19,movie,videogame,Met,Met
47,63,0.14815055053477907,True,False,True,SC_dx,Met_MED_20,Met_MED_20,movie,videogame,Met,Met
48,49,0.17536120962865168,False,True,True,dc_SX_SG,80s_LOW_02,80s_LOW_06,videogame,videogame,80s,80s
48,50,0.15306786031084885,False,True,True,dc_SX_SG,80s_LOW_02,80s_MED_08,videogame,videogame,80s,80s
48,51,0.1528646034609462,False,True,True,dc_SX_SG,80s_LOW_02,80s_MED_13,videogame,videogame,80s,80s
48,52,0.12700037349488333,False,True,False,dc_SX_dg,80s_LOW_02,Ele_LOW_09,videogame,videogame,80s,Ele
48,53,0.1172206020696569,False,True,False,dc_SX_dg,80s_LOW_02,Ele_LOW_14,videogame,videogame,80s,Ele
48,54,0.22553356985150969,False,True,False,dc_SX_dg,80s_LOW_02,Ele_MED_19,videogame,videogame,80s,Ele
48,55,0.12946472054078395,False,True,False,dc_SX_dg,80s_LOW_02,Ele_MED_20,videogame,videogame,80s,Ele
48,56,0.12097794697962305,False,True,False,dc_SX_dg,80s_LOW_02,Jaz_LOW_19,videogame,videogame,80s,Jaz
48,57,0.128539420969694,False,True,False,dc_SX_dg,80s_LOW_02,Jaz_LOW_21,videogame,videogame,80s,Jaz
48,58,0.19290708243342403,False,True,False,dc_SX_dg,80s_LOW_02,Jaz_MED_02,videogame,videogame,80s,Jaz
48,59,0.16282804629193565,False,True,False,dc_SX_dg,80s_LOW_02,Jaz_MED_07,videogame,videogame,80s,Jaz
48,60,0.12983110116887744,False,True,False,dc_SX_dg,80s_LOW_02,Met_LOW_09,videogame,videogame,80s,Met
48,61,0.09152052807270326,False,True,False,dc_SX_dg,80s_LOW_02,Met_LOW_14,videogame,videogame,80s,Met
48,62,0.14580448266380705,False,True,False,dc_SX_dg,80s_LOW_02,Met_MED_19,videogame,videogame,80s,Met
48,63,0.10981579887000675,False,True,False,dc_SX_dg,80s_LOW_02,Met_MED_20,videogame,videogame,80s,Met
49,50,0.16865115608342723,False,True,True,dc_SX_SG,80s_LOW_06,80s_MED_08,videogame,videogame,80s,80s
49,51,0.14267902720448103,False,True,True,dc_SX_SG,80s_LOW_06,80s_MED_13,videogame,videogame,80s,80s
49,52,0.14515157116997324,False,True,False,dc_SX_dg,80s_LOW_06,Ele_LOW_09,videogame,videogame,80s,Ele
49,53,0.13518306912519318,False,True,False,dc_SX_dg,80s_LOW_06,Ele_LOW_14,videogame,videogame,80s,Ele
49,54,0.1674908009346405,False,True,False,dc_SX_dg,80s_LOW_06,Ele_MED_19,videogame,videogame,80s,Ele
49,55,0.1443030202972018,False,True,False,dc_SX_dg,80s_LOW_06,Ele_MED_20,videogame,videogame,80s,Ele
49,56,0.16056927749912117,False,True,False,dc_SX_dg,80s_LOW_06,Jaz_LOW_19,videogame,videogame,80s,Jaz
49,57,0.16865043168372423,False,True,False,dc_SX_dg,80s_LOW_06,Jaz_LOW_21,videogame,videogame,80s,Jaz
49,58,0.16404266923200927,False,True,False,dc_SX_dg,80s_LOW_06,Jaz_MED_02,videogame,videogame,80s,Jaz
49,59,0.14149503188206117,False,True,False,dc_SX_dg,80s_LOW_06,Jaz_MED_07,videogame,videogame,80s,Jaz
49,60,0.16892468814732292,False,True,False,dc_SX_dg,80s_LOW_06,Met_LOW_09,videogame,videogame,80s,Met
49,61,0.15497578463223907,False,True,False,dc_SX_dg,80s_LOW_06,Met_LOW_14,videogame,videogame,80s,Met
49,62,0.13840577554436653,False,True,False,dc_SX_dg,80s_LOW_06,Met_MED_19,videogame,videogame,80s,Met
49,63,0.12582912959279782,False,True,False,dc_SX_dg,80s_LOW_06,Met_MED_20,videogame,videogame,80s,Met
50,51,0.14885812944613142,False,True,True,dc_SX_SG,80s_MED_08,80s_MED_13,videogame,videogame,80s,80s
50,52,0.1318954308948599,False,True,False,dc_SX_dg,80s_MED_08,Ele_LOW_09,videogame,videogame,80s,Ele
50,53,0.1255537197194709,False,True,False,dc_SX_dg,80s_MED_08,Ele_LOW_14,videogame,videogame,80s,Ele
50,54,0.14562779898512732,False,True,False,dc_SX_dg,80s_MED_08,Ele_MED_19,videogame,videogame,80s,Ele
50,55,0.1004883734584231,False,True,False,dc_SX_dg,80s_MED_08,Ele_MED_20,videogame,videogame,80s,Ele
50,56,0.15767678275053806,False,True,False,dc_SX_dg,80s_MED_08,Jaz_LOW_19,videogame,videogame,80s,Jaz
50,57,0.16355574153800578,False,True,False,dc_SX_dg,80s_MED_08,Jaz_LOW_21,videogame,videogame,80s,Jaz
50,58,0.13506404903041316,False,True,False,dc_SX_dg,80s_MED_08,Jaz_MED_02,videogame,videogame,80s,Jaz
50,59,0.13409881183931094,False,True,False,dc_SX_dg,80s_MED_08,Jaz_MED_07,videogame,videogame,80s,Jaz
50,60,0.13997710249055517,False,True,False,dc_SX_dg,80s_MED_08,Met_LOW_09,videogame,videogame,80s,Met
50,61,0.10813681614017516,False,True,False,dc_SX_dg,80s_MED_08,Met_LOW_14,videogame,videogame,80s,Met
50,62,0.12022304014747928,False,True,False,dc_SX_dg,80s_MED_08,Met_MED_19,videogame,videogame,80s,Met
50,63,0.11653617675110756,False,True,False,dc_SX_dg,80s_MED_08,Met_MED_20,videogame,videogame,80s,Met
51,52,0.1400256228566195,False,True,False,dc_SX_dg,80s_MED_13,Ele_LOW_09,videogame,videogame,80s,Ele
51,53,0.1467430234806338,False,True,False,dc_SX_dg,80s_MED_13,Ele_LOW_14,videogame,videogame,80s,Ele
51,54,0.1395683003218247,False,True,False,dc_SX_dg,80s_MED_13,Ele_MED_19,videogame,videogame,80s,Ele
51,55,0.18723737928511072,False,True,False,dc_SX_dg,80s_MED_13,Ele_MED_20,videogame,videogame,80s,Ele
51,56,0.1519859512767253,False,True,False,dc_SX_dg,80s_MED_13,Jaz_LOW_19,videogame,videogame,80s,Jaz
51,57,0.16568701838422198,False,True,False,dc_SX_dg,80s_MED_13,Jaz_LOW_21,videogame,videogame,80s,Jaz
51,58,0.15425282825442854,False,True,False,dc_SX_dg,80s_MED_13,Jaz_MED_02,videogame,videogame,80s,Jaz
51,59,0.15595907098542408,False,True,False,dc_SX_dg,80s_MED_13,Jaz_MED_07,videogame,videogame,80s,Jaz
51,60,0.16578196140602985,False,True,False,dc_SX_dg,80s_MED_13,Met_LOW_09,videogame,videogame,80s,Met
51,61,0.1661429607935503,False,True,False,dc_SX_dg,80s_MED_13,Met_LOW_14,videogame,videogame,80s,Met
51,62,0.11594410265273179,False,True,False,dc_SX_dg,80s_MED_13,Met_MED_19,videogame,videogame,80s,Met
51,63,0.1259530606561269,False,True,False,dc_SX_dg,80s_MED_13,Met_MED_20,videogame,videogame,80s,Met
52,53,0.2146435533274365,False,True,True,dc_SX_SG,Ele_LOW_09,Ele_LOW_14,videogame,videogame,Ele,Ele
52,54,0.1290760520161204,False,True,True,dc_SX_SG,Ele_LOW_09,Ele_MED_19,videogame,videogame,Ele,Ele
52,55,0.11093694177845528,False,True,True,dc_SX_SG,Ele_LOW_09,Ele_MED_20,videogame,videogame,Ele,Ele
52,56,0.133056168902033,False,True,False,dc_SX_dg,Ele_LOW_09,Jaz_LOW_19,videogame,videogame,Ele,Jaz
52,57,0.10321599417443038,False,True,False,dc_SX_dg,Ele_LOW_09,Jaz_LOW_21,videogame,videogame,Ele,Jaz
52,58,0.09766502484235043,False,True,False,dc_SX_dg,Ele_LOW_09,Jaz_MED_02,videogame,videogame,Ele,Jaz
52,59,0.12515477100299835,False,True,False,dc_SX_dg,Ele_LOW_09,Jaz_MED_07,videogame,videogame,Ele,Jaz
52,60,0.18949829220720707,False,True,False,dc_SX_dg,Ele_LOW_09,Met_LOW_09,videogame,videogame,Ele,Met
52,61,0.16659137238406757,False,True,False,dc_SX_dg,Ele_LOW_09,Met_LOW_14,videogame,videogame,Ele,Met
52,62,0.24573218111504416,False,True,False,dc_SX_dg,Ele_LOW_09,Met_MED_19,videogame,videogame,Ele,Met
52,63,0.15842799341469221,False,True,False,dc_SX_dg,Ele_LOW_09,Met_MED_20,videogame,videogame,Ele,Met
53,54,0.10595860680929478,False,True,True,dc_SX_SG,Ele_LOW_14,Ele_MED_19,videogame,videogame,Ele,Ele
53,55,0.1103741138509568,False,True,True,dc_SX_SG,Ele_LOW_14,Ele_MED_20,videogame,videogame,Ele,Ele
53,56,0.1561278287948761,False,True,False,dc_SX_dg,Ele_LOW_14,Jaz_LOW_19,videogame,videogame,Ele,Jaz
53,57,0.11065286523401537,False,True,False,dc_SX_dg,Ele_LOW_14,Jaz_LOW_21,videogame,videogame,Ele,Jaz
53,58,0.08861382511778568,False,True,False,dc_SX_dg,Ele_LOW_14,Jaz_MED_02,videogame,videogame,Ele,Jaz
53,59,0.09039866805880414,False,True,False,dc_SX_dg,Ele_LOW_14,Jaz_MED_07,videogame,videogame,Ele,Jaz
53,60,0.1630844779283501,False,True,False,dc_SX_dg,Ele_LOW_14,Met_LOW_09,videogame,videogame,Ele,Met
53,61,0.21470315175884366,False,True,False,dc_SX_dg,Ele_LOW_14,Met_LOW_14,videogame,videogame,Ele,Met
53,62,0.1886809911953713,False,True,False,dc_SX_dg,Ele_LOW_14,Met_MED_19,videogame,videogame,Ele,Met
53,63,0.1252892194306101,False,True,False,dc_SX_dg,Ele_LOW_14,Met_MED_20,videogame,videogame,Ele,Met
54,55,0.1289821622514696,False,True,True,dc_SX_SG,Ele_MED_19,Ele_MED_20,videogame,videogame,Ele,Ele
54,56,0.1220846352610567,False,True,False,dc_SX_dg,Ele_MED_19,Jaz_LOW_19,videogame,videogame,Ele,Jaz
54,57,0.11205829743557531,False,True,False,dc_SX_dg,Ele_MED_19,Jaz_LOW_21,videogame,videogame,Ele,Jaz
54,58,0.16242755328265812,False,True,False,dc_SX_dg,Ele_MED_19,Jaz_MED_02,videogame,videogame,Ele,Jaz
54,59,0.1542053759905876,False,True,False,dc_SX_dg,Ele_MED_19,Jaz_MED_07,videogame,videogame,Ele,Jaz
54,60,0.153926141311535,False,True,False,dc_SX_dg,Ele_MED_19,Met_LOW_09,videogame,videogame,Ele,Met
54,61,0.12067494320122536,False,True,False,dc_SX_dg,Ele_MED_19,Met_LOW_14,videogame,videogame,Ele,Met
54,62,0.14224742513654032,False,True,False,dc_SX_dg,Ele_MED_19,Met_MED_19,videogame,videogame,Ele,Met
54,63,0.13596535378923058,False,True,False,dc_SX_dg,Ele_MED_19,Met_MED_20,videogame,videogame,Ele,Met
55,56,0.11422181621914829,False,True,False,dc_SX_dg,Ele_MED_20,Jaz_LOW_19,videogame,videogame,Ele,Jaz
55,57,0.10828777039876426,False,True,False,dc_SX_dg,Ele_MED_20,Jaz_LOW_21,videogame,videogame,Ele,Jaz
55,58,0.11326317675437741,False,True,False,dc_SX_dg,Ele_MED_20,Jaz_MED_02,videogame,videogame,Ele,Jaz
55,59,0.13440003602659567,False,True,False,dc_SX_dg,Ele_MED_20,Jaz_MED_07,videogame,videogame,Ele,Jaz
55,60,0.10610142251333549,False,True,False,dc_SX_dg,Ele_MED_20,Met_LOW_09,videogame,videogame,Ele,Met
55,61,0.08525274538745745,False,True,False,dc_SX_dg,Ele_MED_20,Met_LOW_14,videogame,videogame,Ele,Met
55,62,0.10505669395168966,False,True,False,dc_SX_dg,Ele_MED_20,Met_MED_19,videogame,videogame,Ele,Met
55,63,0.10164430733800053,False,True,False,dc_SX_dg,Ele_MED_20,Met_MED_20,videogame,videogame,Ele,Met
56,57,0.15346972928363395,False,True,True,dc_SX_SG,Jaz_LOW_19,Jaz_LOW_21,videogame,videogame,Jaz,Jaz
56,58,0.12029611723946472,False,True,True,dc_SX_SG,Jaz_LOW_19,Jaz_MED_02,videogame,videogame,Jaz,Jaz
56,59,0.12148815490153121,False,True,True,dc_SX_SG,Jaz_LOW_19,Jaz_MED_07,videogame,videogame,Jaz,Jaz
56,60,0.13835613119043913,False,True,False,dc_SX_dg,Jaz_LOW_19,Met_LOW_09,videogame,videogame,Jaz,Met
56,61,0.1485247277284488,False,True,False,dc_SX_dg,Jaz_LOW_19,Met_LOW_14,videogame,videogame,Jaz,Met
56,62,0.15871384100629463,False,True,False,dc_SX_dg,Jaz_LOW_19,Met_MED_19,videogame,videogame,Jaz,Met
56,63,0.11225877199330508,False,True,False,dc_SX_dg,Jaz_LOW_19,Met_MED_20,videogame,videogame,Jaz,Met
57,58,0.12540887111807567,False,True,True,dc_SX_SG,Jaz_LOW_21,Jaz_MED_02,videogame,videogame,Jaz,Jaz
57,59,0.12589853779933743,False,True,True,dc_SX_SG,Jaz_LOW_21,Jaz_MED_07,videogame,videogame,Jaz,Jaz
57,60,0.10945003366964497,False,True,False,dc_SX_dg,Jaz_LOW_21,Met_LOW_09,videogame,videogame,Jaz,Met
57,61,0.1460278371747694,False,True,False,dc_SX_dg,Jaz_LOW_21,Met_LOW_14,videogame,videogame,Jaz,Met
57,62,0.10526166109630021,False,True,False,dc_SX_dg,Jaz_LOW_21,Met_MED_19,videogame,videogame,Jaz,Met
57,63,0.09091719073916806,False,True,False,dc_SX_dg,Jaz_LOW_21,Met_MED_20,videogame,videogame,Jaz,Met
58,59,0.2104278645401175,False,True,True,dc_SX_SG,Jaz_MED_02,Jaz_MED_07,videogame,videogame,Jaz,Jaz
58,60,0.13127187069345525,False,True,False,dc_SX_dg,Jaz_MED_02,Met_LOW_09,videogame,videogame,Jaz,Met
58,61,0.11598508687543992,False,True,False,dc_SX_dg,Jaz_MED_02,Met_LOW_14,videogame,videogame,Jaz,Met
58,62,0.1038182646508495,False,True,False,dc_SX_dg,Jaz_MED_02,Met_MED_19,videogame,videogame,Jaz,Met
58,63,0.10039329273621522,False,True,False,dc_SX_dg,Jaz_MED_02,Met_MED_20,videogame,videogame,Jaz,Met
59,60,0.09806755046865606,False,True,False,dc_SX_dg,Jaz_MED_07,Met_LOW_09,videogame,videogame,Jaz,Met
59,61,0.12245312505042293,False,True,False,dc_SX_dg,Jaz_MED_07,Met_LOW_14,videogame,videogame,Jaz,Met
59,62,0.10027214621998143,False,True,False,dc_SX_dg,Jaz_MED_07,Met_MED_19,videogame,videogame,Jaz,Met
59,63,0.10638206880365689,False,True,False,dc_SX_dg,Jaz_MED_07,Met_MED_20,videogame,videogame,Jaz,Met
60,61,0.19356866260189276,False,True,True,dc_SX_SG,Met_LOW_09,Met_LOW_14,videogame,videogame,Met,Met
60,62,0.17681288843464243,False,True,True,dc_SX_SG,Met_LOW_09,Met_MED_19,videogame,videogame,Met,Met
60,63,0.18813723427600293,False,True,True,dc_SX_SG,Met_LOW_09,Met_MED_20,videogame,videogame,Met,Met
61,62,0.18014346917339563,False,True,True,dc_SX_SG,Met_LOW_14,Met_MED_19,videogame,videogame,Met,Met
61,63,0.13548725265417985,False,True,True,dc_SX_SG,Met_LOW_14,Met_MED_20,videogame,videogame,Met,Met
62,63,0.19249202551276048,False,True,True,dc_SX_SG,Met_MED_19,Met_MED_20,videogame,videogame,Met,Met
