context,clip_mean,clip_sd,context_mean,context_sd,difference,effect_size,t,p,sig,n_clip,n_context
bar ,0.40847347803531336,0.046467344808183986,0.354268912593385,0.035391587591806675,0.054204565441928365,1.312382540644244,7.281084686751296,3.8663815792798127e-10,***,48,120
concert ,0.3990750939760119,0.04568354598926851,0.3486310238283033,0.041335133386416825,0.050444070147708575,1.1579400236984023,6.639840464578329,3.5441179204659027e-09,***,48,120
movie,0.4056887200989066,0.04570201220756004,0.33449826728178844,0.03921989128700555,0.07119045281711817,1.671746919163267,9.485117932549398,1.5490354022149748e-14,***,48,120
video game,0.4016749843655103,0.048086445762764614,0.3245889446072043,0.037439953400793986,0.07708603975830602,1.7888193605145877,9.963870247986208,4.046622173774721e-15,***,48,120
