context,mean,std,cv,n
bar ,0.354268912593385,0.035391587591806675,0.09990034782540362,120
video game,0.3245889446072043,0.037439953400793986,0.11534574428005027,120
movie,0.33449826728178844,0.03921989128700555,0.11724990866384932,120
concert ,0.3486310238283033,0.041335133386416825,0.11856412815049384,120
