genre1,genre2,mean1,mean2,difference,t,p,d,sig
Ele,Met,0.3233357750540198,0.3788031008150399,-0.05546732576102009,-9.512016818124897,1.1572365047011887e-17,-1.372941367620164,***
80s,Met,0.34482632594209567,0.3788031008150399,-0.033976774872944204,-6.117843400550999,6.308128201207569e-09,-0.8830346335420237,***
80s,Ele,0.34482632594209567,0.3233357750540198,0.021490550888075888,4.429483291878637,1.6066821668453212e-05,0.6393408427342703,***
Jaz,Met,0.34968826751141685,0.3788031008150399,-0.029114833303623022,-4.070049471590642,6.981973609549992e-05,-0.5874610395094878,***
Ele,Jaz,0.3233357750540198,0.34968826751141685,-0.02635249245739707,-3.9788102019327076,0.00010357476414606392,-0.5742917852850695,***
80s,Jaz,0.34482632594209567,0.34968826751141685,-0.004861941569321182,-0.7620378978459672,0.44721761822697015,-0.10999069636351644,n.s.
