context,music_mean,music_sd,context_mean,context_sd,difference,effect_size,t,p,sig,n_music,n_context
bar ,0.42733967146445045,0.05051878537256558,0.3685524664820413,0.035527343313667054,0.058787204982409136,1.3461334633818087,8.532759827536555,8.597550976701031e-15,***,48,120
concert ,0.41959067563352553,0.05147996059283149,0.35820995894098157,0.04513530967147025,0.06138071669254397,1.2678905202006305,7.643959581285639,1.6055747656648208e-12,***,48,120
movie,0.4220927820993281,0.048102107404457715,0.3448540811805973,0.03819535869080189,0.07723870091873081,1.7783773906065234,10.965960097446436,2.1620652048656508e-21,***,48,120
video game,0.4214780636677549,0.05206859357363842,0.34448027740832726,0.03696321866161299,0.07699778625942766,1.7052993266628305,10.786531596296168,6.820370930193348e-21,***,48,120
