cond1,cond2,mean1,mean2,U,p,d,n1,n2,p_bonf,sig_bonf
Sclip_Dcontext,Dclip_Dcontext_Dgenre,0.18852524778082216,0.11483545209764706,103940.0,1.2763342313788567e-46,1.9899180296476533,96,1152,7.65800538827314e-46,***
Sclip_Dcontext,Dclip_Scontext,0.18852524778082216,0.13091667254219658,40354.0,2.8543550718553885e-31,1.4886776569801312,96,480,1.712613043113233e-30,***
Sclip_Dcontext,Dclip_Dcontext_Sgenre,0.18852524778082216,0.139388456696528,22726.0,3.346451263940258e-21,1.1949388617707137,96,288,2.0078707583641547e-20,***
Dclip_Dcontext_Sgenre,Dclip_Dcontext_Dgenre,0.139388456696528,0.11483545209764706,230434.0,1.5178986919208093e-24,0.7315991985823712,288,1152,9.107392151524855e-24,***
Dclip_Scontext,Dclip_Dcontext_Dgenre,0.13091667254219658,0.11483545209764706,356732.0,2.2173149978491004e-20,0.52649610162149,480,1152,1.3303889987094602e-19,***
Dclip_Scontext,Dclip_Dcontext_Sgenre,0.13091667254219658,0.139388456696528,61137.0,0.007319596489372504,-0.23937837749039315,480,288,0.04391757893623502,*
