context1,context2,mean1,mean2,difference,t,df,p,d,sig,n1,n2,p_bonferroni,sig_bonferroni
bar ,video game,0.3544637827030347,0.324722198561348,0.029741584141686706,6.311753099064854,237.286987971793,1.3427570166868463e-09,0.8148438212683744,***,120,120,8.056542100121078e-09,***
concert ,video game,0.34936743916437235,0.324722198561348,0.024645240603024365,4.855783601820299,236.05366184353312,2.18302108256907e-06,0.626878967421236,***,120,120,1.309812649541442e-05,***
bar ,movie,0.3544637827030347,0.33457886117722424,0.01988492152581045,4.117710558799698,235.6402438346762,5.2968663845742725e-05,0.5315941472911223,***,120,120,0.00031781198307445635,***
concert ,movie,0.34936743916437235,0.33457886117722424,0.01478857798714811,2.8525862382128166,237.50856868746288,0.004718787815467307,0.3682672998072901,**,120,120,0.02831272689280384,*
movie,video game,0.33457886117722424,0.324722198561348,0.009856662615876255,1.9898225050813825,237.50820716555992,0.04775728192990969,0.25688498080296396,*,120,120,0.28654369157945814,n.s.
bar ,concert ,0.3544637827030347,0.34936743916437235,0.00509634353866234,1.0287153963495628,233.10577450975893,0.3046796593319252,0.13280658660163397,n.s.,120,120,1.0,n.s.
