genre,clip_mean,clip_sd,clip_cv,context_mean,context_sd,context_cv,cv_difference,levene_stat,levene_p,sig,n_clip,n_context
80s,0.38769043285221344,0.03820025918440684,0.09853289105787316,0.3595646927047196,0.03148176650395421,0.08755522203012173,0.010977669027751435,0.5602224381578867,0.45798069735441693,n.s.,24,24
Ele,0.41126522407259153,0.051986438746689845,0.12640611387437375,0.32994688963144453,0.03566913834906046,0.1081056966134865,0.018300417260887256,2.875377177576295,0.09670316474150173,n.s.,24,24
Jaz,0.4391015995383117,0.05370928672013177,0.12231630851858381,0.36146684942652557,0.04884346389447177,0.13512570785388178,-0.012809399335297969,0.5948006675929348,0.44451241850110046,n.s.,24,24
Met,0.4104593662244856,0.04708959510397461,0.11472413344374921,0.41119393522164965,0.054935893987891476,0.13360093445512244,-0.018876801011373234,0.36063740663168903,0.551099931435783,n.s.,24,24
