context1,context2,mean1,mean2,difference,t,p,d,sig
bar ,video game,0.3555640328323768,0.33245084759785715,0.023113185234519662,4.802608716425315,2.779991978158276e-06,0.6200141192355273,***
bar ,movie,0.3555640328323768,0.33433440500087996,0.021229627831496845,4.420570764623655,1.500181115693292e-05,0.5706932317372935,***
concert ,video game,0.3471934860440224,0.33245084759785715,0.014742638446165246,2.6846353908188667,0.007786726345818363,0.3465849386426837,**
concert ,movie,0.3471934860440224,0.33433440500087996,0.012859081043142429,2.3454445916770297,0.019852228366336194,0.3027955947672464,*
bar ,concert ,0.3555640328323768,0.3471934860440224,0.008370546788354416,1.571773002020656,0.11741239771609899,0.20291502202814796,n.s.
movie,video game,0.33433440500087996,0.33245084759785715,0.0018835574030228175,0.3777809747978936,0.7059300065373857,0.04877131413020819,n.s.
