genre,clip_mean,clip_sd,context_mean,context_sd,difference,effect_size,t,df,p,sig,n_clip,n_context,p_bonferroni,sig_bonferroni
80s,0.38662680896794926,0.03847358840995317,0.3419998829972698,0.030513075631651277,0.044626925970679465,1.2852556391772962,5.166630389818517,33.18310164438486,1.1123581127092663e-05,***,24,72,4.449432450837065e-05,***
Ele,0.4072572097602187,0.048024462600416956,0.3223036894278596,0.03669988256537804,0.08495352033235909,1.987732081022318,7.928696767015112,32.42797784888404,4.333008174484121e-09,***,24,72,1.7332032697936484e-08,***
Jaz,0.430032130157978,0.05101899157876345,0.348919662012149,0.0546289464494109,0.08111246814582895,1.5346282946460212,6.624911398405539,41.95425824638992,5.0369625803625695e-08,***,24,72,2.0147850321450278e-07,***
Met,0.3928309314936471,0.037010748804225946,0.37278187918602146,0.043627028600011455,0.02004905230762566,0.4955966215764706,2.1939421782503308,46.040048062729,0.0333250324678982,*,24,72,0.1333001298715928,n.s.
