context,clip_mean,clip_sd,clip_cv,context_mean,context_sd,context_cv,cv_difference,levene_stat,levene_p,sig,n_clip,n_context
bar ,0.40847347803531336,0.046467344808183986,0.11375853588263272,0.354268912593385,0.035391587591806675,0.09990034782540362,0.013858188057229104,3.5334606833041553,0.06189434661362385,n.s.,48,120
concert ,0.3990750939760119,0.04568354598926851,0.1144735581820461,0.3486310238283033,0.041335133386416825,0.11856412815049384,-0.004090569968447741,0.065567526834743,0.7982203364998488,n.s.,48,120
movie,0.4056887200989066,0.04570201220756004,0.11265290342905744,0.33449826728178844,0.03921989128700555,0.11724990866384932,-0.004597005234791882,3.2800142007057675,0.07193624293439721,n.s.,48,120
video game,0.4016749843655103,0.048086445762764614,0.11971481330539523,0.3245889446072043,0.037439953400793986,0.11534574428005027,0.0043690690253449516,5.196230901088522,0.023909118263978894,*,48,120
