context,mean,std,cv,n
bar ,0.3544637827030347,0.035485242799847494,0.10010964316085456,120
video game,0.324722198561348,0.03748678381646378,0.11544262752144925,120
movie,0.33457886117722424,0.039233231020515014,0.11726153553895154,120
concert ,0.34936743916437235,0.04106035258046899,0.11752770286400582,120
