context1,context2,mean1,mean2,difference,t,p,d,sig
bar ,video game,0.354268912593385,0.3245889446072043,0.029679967986180722,6.3107046439727394,1.3508651225680402e-09,0.8147084662980074,***
concert ,video game,0.3486310238283033,0.3245889446072043,0.024042079221099022,4.722353342379242,4.003842480250114e-06,0.6096531949980579,***
bar ,movie,0.354268912593385,0.33449826728178844,0.019770645311596557,4.099679299361658,5.697768066183691e-05,0.5292663217072998,***
concert ,movie,0.3486310238283033,0.33449826728178844,0.014132756546514857,2.717003463209825,0.007072855367058259,0.35076363881998435,**
movie,video game,0.33449826728178844,0.3245889446072043,0.009909322674584164,2.002002532521335,0.04642182940380142,0.2584574155840068,*
bar ,concert ,0.354268912593385,0.3486310238283033,0.0056378887650817,1.1349490243070124,0.25756544505813916,0.14652128899784717,n.s.
