comparison,group1,group2,mean1,std1,n1,mean2,std2,n2,difference,t,p,sig,d
Within vs Between Context,Within-Context,Between-Context,0.3404967870776703,0.03999003235351046,480,0.3325944040883738,0.042641180214037705,1536,0.007902382989296464,3.715666140132308,0.00021598485081352124,***,0.19104396201122895
bar  vs Between,Within-bar ,Between-Context,0.354268912593385,0.03524381413808131,120,0.3325944040883738,0.042641180214037705,1536,0.02167450850501118,6.357670568975487,2.421195663591054e-09,***,0.5530345813198724
concert  vs Between,Within-concert ,Between-Context,0.3486310238283033,0.041162543349169564,120,0.3325944040883738,0.042641180214037705,1536,0.01603661973992948,4.083485001720465,7.439446802622954e-05,***,0.38182167977781234
movie vs Between,Within-movie,Between-Context,0.33449826728178844,0.03905613319688936,120,0.3325944040883738,0.042641180214037705,1536,0.0019038631934146233,0.5087766373229243,0.6116988607953464,n.s.,0.04646572549328171
video game vs Between,Within-video game,Between-Context,0.3245889446072043,0.03728362723410253,120,0.3325944040883738,0.042641180214037705,1536,-0.008005459481169541,-2.231865423730753,0.027165744624736674,*,-0.19947665911018336
