genre1,genre2,mean1,mean2,diff,t,df,p,d,n1,n2,p_bonf,sig,sig_bonf
Ele,Met,0.12628230053918346,0.15153527722096172,-0.025252976681778255,-4.514598523897397,141.84199720556882,1.3225443566300399e-05,-0.7524330873162328,72,72,7.935266139780239e-05,***,***
80s,Met,0.13298168753635575,0.15153527722096172,-0.018553589684605964,-3.699509226139605,131.29677552550694,0.0003165296519518357,-0.6165848710232675,72,72,0.0018991779117110141,***,**
Ele,Jaz,0.12628230053918346,0.1467545614896111,-0.020472260950427645,-2.889875124273227,122.63787952132559,0.004558875149405894,-0.4816458540455378,72,72,0.027353250896435366,**,*
80s,Jaz,0.13298168753635575,0.1467545614896111,-0.013772873953255355,-2.0752069981060206,105.14677407809079,0.040407885873703586,-0.3458678330176701,72,72,0.24244731524222152,*,n.s.
80s,Ele,0.13298168753635575,0.12628230053918346,0.006699386997172291,1.3644559783161296,133.357891584211,0.1747221567781867,0.22740932971935493,72,72,1.0,n.s.,n.s.
Jaz,Met,0.1467545614896111,0.15153527722096172,-0.00478071573135061,-0.667934726218543,124.9938419385335,0.5054067120600676,-0.11132245436975716,72,72,1.0,n.s.,n.s.
