context1,context2,mean1,mean2,difference,t,p,d,sig
bar ,video game,0.3685524664820413,0.34448027740832726,0.024072189073714056,5.143450442776349,5.635176055276568e-07,0.6640165968971988,***
bar ,movie,0.3685524664820413,0.3448540811805973,0.023698385301444025,4.976670869008981,1.241058240646945e-06,0.6424854465075791,***
concert ,video game,0.35820995894098157,0.34448027740832726,0.013729681532654303,2.578040637086112,0.010538884397934104,0.332823615109349,*
concert ,movie,0.35820995894098157,0.3448540811805973,0.013355877760384272,2.4744135083591257,0.014043779712236987,0.319445410316852,*
bar ,concert ,0.3685524664820413,0.35820995894098157,0.010342507541059753,1.9724216193546509,0.04971917745765167,0.25463853611533427,*
movie,video game,0.3448540811805973,0.34448027740832726,0.0003738037722700316,0.07703931228776385,0.9386569953557033,0.009945732449792724,n.s.
