comparison,description,mean_a,mean_b,delta,t,df,p,p_bonf,sig,sig_bonf,d
Sclip_Scontext vs Sclip_Dcontext,Combined advantage over Clip-only,0.20273485850005335,0.19414365098762779,0.008591207512425564,10.580962474078456,48862.35963654558,0.0,0.0,***,***,0.07151399812972144
Sclip_Scontext vs Dclip_Scontext,Combined advantage over Context-only,0.20273485850005335,0.17499575007801357,0.027739108422039777,38.09850441576597,32580.23637039006,0.0,0.0,***,***,0.2386618309121696
