context1,context2,mean1,mean2,diff,t,df,p,d,n1,n2,p_bonf,sig,sig_bonf
concert,videogame,0.18665163573365864,0.16281329325344576,0.023838342480212882,51.04284875836969,220348.66217052587,0.0,0.21605913150454936,110192,113397,0.0,***,***
bar,videogame,0.18277621655332418,0.16281329325344576,0.01996292329987842,43.33759931626398,221512.0826296506,0.0,0.18341876158748177,110174,113397,0.0,***,***
concert,movie,0.18665163573365864,0.1684539034646861,0.018197732268972533,38.61837711190908,223490.16255144318,0.0,0.16251762718045912,110192,116196,0.0,***,***
bar,movie,0.18277621655332418,0.1684539034646861,0.014322313088638072,30.808058782248583,224594.0058021105,0.0,0.12961185704128764,110174,116196,0.0,***,***
movie,videogame,0.1684539034646861,0.16281329325344576,0.005640610211240349,12.652851902853106,229577.7162341592,0.0,0.05280641644557956,116196,113397,0.0,***,***
bar,concert,0.18277621655332418,0.18665163573365864,-0.0038754191803344606,-7.985900533747316,220225.43392480287,1.3322676295501878e-15,-0.03402366954666297,110174,110192,7.993605777301127e-15,***,***
