genre1,genre2,mean1,mean2,diff,t,df,p,d,n1,n2,p_bonf,sig,sig_bonf
Electronic,Jazz,0.16942964438613045,0.18219359518360317,-0.012763950797472723,-21.376841863905874,136099.8765734698,0.0,-0.1154622564932499,65210,72238,0.0,***,***
80s,Electronic,0.17746134010750433,0.16942964438613045,0.008031695721373883,13.000779872280887,131019.41880147714,0.0,0.07182087008187504,65845,65210,0.0,***,***
Electronic,Metal,0.16942964438613045,0.1771168598451884,-0.0076872154590579556,-12.801556972349912,131574.721863826,0.0,-0.07051856114557356,65210,66662,0.0,***,***
Jazz,Metal,0.18219359518360317,0.1771168598451884,0.005076735338414767,8.6632108426178,138522.89708319155,0.0,0.046500870870008135,72238,66662,0.0,***,***
80s,Jazz,0.17746134010750433,0.18219359518360317,-0.00473225507609884,-7.838482755669806,136266.40586144113,4.6629367034256575e-15,-0.04225581122473292,65845,72238,2.7977620220553945e-14,***,***
80s,Metal,0.17746134010750433,0.1771168598451884,0.0003444802623159271,0.5674362107608955,131975.56079939735,0.5704188190907118,0.003118201591592341,65845,66662,1.0,n.s.,n.s.
