genre,context_driven_mean,baseline_mean,framing_gain,t,df,p,d,n_ctx,n_base,p_bonf,sig,sig_bonf
Metal,0.18547242612640544,0.16027572344123428,0.025196702685171157,32.73322278044428,25635.428188453727,0.0,0.23481312592416045,22193,261035,0.0,***,***
Jazz,0.1848382205729124,0.16798824238259855,0.016849978190313863,22.51545847649382,28034.132014404884,0.0,0.15397789345717186,24049,276689,0.0,***,***
80s,0.18389511565587077,0.17112103700405826,0.012774078651812515,15.801347073236686,25173.69882310514,0.0,0.11380779067891332,21932,270697,0.0,***,***
Electronic,0.17579755795316065,0.1675695940625006,0.00822796389066005,10.332403856083932,24947.37255565294,0.0,0.0743646771178566,21699,271894,0.0,***,***
