genre,clip_mean,clip_sd,context_mean,context_sd,diff,dominant,t,df,p,d,n_clip,n_context,p_bonf,sig,sig_bonf
80s,0.1939337888213866,0.12006999822038451,0.18389511565587077,0.11565311959289439,0.010038673165515821,CLIP,8.922843436501426,43856.5617570172,0.0,0.08515848127850181,21981,21932,0.0,***,***
Electronic,0.1958230313308789,0.12430764092728723,0.17579755795316065,0.11326978213829521,0.020025473377718234,CLIP,17.58408250587166,43290.90313597189,0.0,0.16839895972823074,21897,21699,0.0,***,***
Jazz,0.20631571364916984,0.11936882245650311,0.1848382205729124,0.1116746604262263,0.02147749307625743,CLIP,20.394643560907944,47989.22491666929,0.0,0.1858143180201613,24133,24049,0.0,***,***
Metal,0.17950264472927127,0.10956345000797403,0.18547242612640544,0.11059868151649081,-0.005969781397134166,CONTEXT,-5.716865472729979,44444.14596787967,1.092001800095943e-08,-0.05423017447015513,22260,22193,4.368007200383772e-08,***,***
